legacy_card,legacy_code,primary_model_id,primary_name,primary_reason,second_model_id,second_name,second_action
world-k1-function-and-capability,K1,WM-ACT-001,Function / Capability,same subject and name as the legacy card,WM-PER-009,Skill / Competency Definition,own todo page; derived-from K1
world-k9-agriculture-and-husbandry,K9,WM-ACT-011,Agriculture Operation,legacy card is about agricultural operations,WM-LIV-009,Cultivated Organism,own todo page; derived-from K9
world-p4-atmosphere-weather-and-climate,P4,WM-EAR-001,Weather,observed atmospheric state is the legacy core,WM-EAR-002,Climate,own todo page; derived-from P4
world-r2-ledger-and-account,R2,WM-XCT-014,Ledger / Account,same subject and name as the legacy card,WM-ECO-010,Clearing / Settlement,own todo page; derived-from R2
world-f6-emission-and-environmental-flux,F6,WM-FLW-006,Emission,same subject as the legacy card,WM-ECO-014,Sustainability Claim / PCF,own todo page; derived-from F6
world-f4-water-and-food-supply,F4,WM-FLW-002,Water Supply,first half of the legacy subject; no closer match,WM-FLW-003,Food Supply Chain,own todo page; derived-from F4
world-n6-model-and-ontology,N6,WM-KNW-001,Model / Ontology,same subject and name as the legacy card,WM-REC-005,Standard / Spec Artifact,own todo page; derived-from N6
world-p6-flora-and-vegetation,P6,WM-LIV-004,Vegetation Cover,vegetation is the legacy core; population also draws on P7,WM-LIV-003,Population,own todo page; derived-from P6 and P7
world-m1-material-and-substance,M1,WM-MAT-001,Chemical Substance,substance is the legacy core,WM-MAT-002,Engineered Material,own todo page; derived-from M1
world-n5-media-and-creative-work,N5,WM-MED-001,Creative Work,same subject as the legacy card,WM-REC-004,Scholarly Publication,own todo page; derived-from N5
