benchmark,official_source,coverage_scope,matched_model_ids,coverage_status,remaining_gap
Schema.org,https://schema.org/docs/schemas.html,"823 web-visible types grouped under Thing/Action/CreativeWork/Event/Intangible/MedicalEntity/Organization/Person/Place/Product",WM-PER-001;WM-ORG-001;WM-PLC-006;WM-OBJ-002;WM-ACT-002;WM-ACT-015;WM-MED-001;WM-LIV-021,broad-family-covered,"Do not copy retail/event subtypes; align them as vocabulary/subtypes"
NIEM,https://niem.github.io/reference/,Reusable core and domain components for public information exchange,WM-PER-001;WM-ORG-001;WM-ACT-002;WM-PLC-004;WM-POL-017;WM-ACT-019,broad-family-covered,"Component-level crosswalk still required"
HL7 FHIR R5,https://hl7.org/fhir/resourcelist.html,157 healthcare resources across clinical/admin/financial/conformance families,WM-PER-007;WM-ACT-018;WM-LIV-021;WM-ACT-046;WM-ACT-047;WM-ACT-048;WM-ACT-049;WM-ECO-036,broad-family-covered,"Detailed resource-to-bundle crosswalk required"
FIBO,https://spec.edmcouncil.org/fibo/index.html,Finance ontology families,WM-ECO-003;WM-ECO-004;WM-ECO-005;WM-ECO-015;WM-ECO-016;WM-ECO-017;WM-ECO-018,broad-family-covered,"Corporate actions and market data need boundary review"
ISIC Rev.5,https://unstats.un.org/unsd/classifications/Econ/isic/4,All productive economic activities,WM-ACT-001;WM-ORG-001;WM-ACT-003;WM-ACT-004,binding-covered,"Use as industry/activity classifier not one model per class"
CPC 3.0,https://unstats.un.org/unsd/classifications/Family/Detail/2100,All goods and services produced or transacted,WM-OBJ-002;WM-ACT-004;WM-OBJ-003,binding-covered,"Use as product/service classifier"
COFOG,https://unstats.un.org/unsd/classifications,Functions of government,WM-POL-016;WM-POL-018;WM-ACT-001,binding-covered,"Add exact current-version source during external normalization"
UNSPSC,https://www.unspsc.org/,Commercial products and services,WM-OBJ-002;WM-ACT-004,binding-covered,"External catalogue/source verification needed"
HS,https://www.wcoomd.org/en/topics/nomenclature/overview/what-is-the-harmonized-system.aspx,International traded-goods nomenclature,WM-OBJ-002;WM-POL-026,binding-covered,"Tariff/version jurisdiction extension"
UN/CEFACT CCL,https://unece.org/trade/uncefact/unccl,Cross-industry reusable business components,WM-ORG-001;WM-ECO-019;WM-ECO-020;WM-ECO-008;WM-FLW-011,broad-family-covered,"Map BIE/ABIE components to findings"
GS1,https://www.gs1.org/standards,Products parties locations logistics events,WM-OBJ-002;WM-OBJ-001;WM-ORG-001;WM-PLC-006;WM-FLW-013,broad-family-covered,"Versioned identifier and EPCIS alignments"
CIDOC CRM,https://www.cidoc-crm.org/,Cultural heritage entities events provenance and custody,WM-OBJ-016;WM-MED-001;WM-ACT-015;WM-XCT-012,broad-family-covered,"Collection/holding model may need promotion after review"
Records in Contexts,https://www.ica.org/standards/RiC/records-in-contexts-ontology/,Archival records agents activities mandates and relations,WM-REC-001;WM-ORG-007;WM-ACT-002;WM-XCT-012,broad-family-covered,"Archival aggregation/arrangement needs alignment"
DCAT 3,https://www.w3.org/TR/vocab-dcat-3/,Datasets distributions services catalogues and provenance,WM-DAT-001;WM-DAT-008;WM-ACT-004;WM-XCT-012,broad-family-covered,"Distribution remains artifact layer not standalone world model"
PROV-O,https://www.w3.org/TR/prov-o/,Entity activity agent provenance,WM-XCT-012;WM-ACT-002;WM-PER-003,broad-family-covered,"Qualified derivation and responsibility mapping"
SOSA/SSN,https://www.w3.org/TR/vocab-ssn/,Sensors observations samples actuators and procedures,WM-OBJ-008;WM-MAT-008;WM-MAT-005;WM-ACT-009,broad-family-covered,"Actuation stays low-priority robotics extension"
GeoSPARQL,https://www.ogc.org/standard/geosparql/,Features geometries and spatial relations,WM-PLC-010;WM-XCT-033;WM-XCT-010,broad-family-covered,"CRS registry binding"
OGC Observations Measurements,https://www.ogc.org/standard/om/,Observations features procedures and results,WM-MAT-008;WM-XCT-025;WM-ACT-016,broad-family-covered,"Clarify event vs record boundary"
BFO,https://basic-formal-ontology.org/,Upper ontology continuants occurrents roles qualities and sites,WM-OBJ-001;WM-ACT-015;WM-XCT-023;WM-XCT-026,broad-family-covered,"ALIGN only; Vercy navigation is not BFO inheritance"
OBO Foundry,https://obofoundry.org/,Interoperable biological and biomedical ontologies,WM-LIV-001;WM-LIV-013;WM-LIV-014;WM-LIV-015;WM-LIV-021,broad-family-covered,"Per-ontology mappings pending"
GA4GH,https://www.ga4gh.org/genomic-data-toolkit/,Genomic data and APIs,WM-LIV-011;WM-LIV-012;WM-LIV-013;WM-DAT-001,broad-family-covered,"Consent/data-use ontology mapping"
Darwin Core,https://dwc.tdwg.org/,Biodiversity occurrences taxa events locations,WM-LIV-001;WM-EAR-008;WM-LIV-002;WM-PLC-010,broad-family-covered,"Occurrence/event split needs test cases"
ISO 19100/OGC,https://www.iso.org/committee/54904.html,Geographic information family,WM-PLC-001;WM-PLC-002;WM-PLC-003;WM-DAT-003;WM-EAR-009,broad-family-covered,"Individual standards already external entries"
IFC,https://www.buildingsmart.org/standards/bsi-standards/industry-foundation-classes/,Built assets BIM and construction,WM-BLT-001;WM-BLT-002;WM-BLT-007;WM-OBJ-018,broad-family-covered,"Facility/asset handover mapping"
IEC CDD,https://cdd.iec.ch/,Electrotechnical product classes and properties,WM-OBJ-002;WM-OBJ-006;WM-OBJ-008,binding-covered,"Use classification/properties not product-type proliferation"
ISA-95,https://www.isa.org/standards-and-publications/isa-standards/isa-95-standard,Enterprise-control integration and manufacturing operations,WM-ACT-010;WM-OBJ-019;WM-OBJ-020;WM-ORG-002,broad-family-covered,"Production order/operation definition boundary review"
OpenTelemetry,https://opentelemetry.io/docs/specs/,Traces metrics logs and resources,WM-SFT-017;WM-REC-013;WM-SFT-010,broad-family-covered,"Signal-specific schemas are format/interface profiles"
SPDX,https://spdx.dev/specifications/,Software components licenses provenance and SBOM,WM-SFT-007;WM-SFT-012;WM-KNW-003;WM-XCT-012,broad-family-covered,"Version crosswalk"
CycloneDX,https://cyclonedx.org/specification/overview/,Software/hardware/service BOM and supply-chain assertions,WM-SFT-012;WM-OBJ-019;WM-SFT-016,broad-family-covered,"BOM variants map to extension profiles"
STIX 2.1,https://docs.oasis-open.org/cti/stix/v2.1/stix-v2.1.html,Cyber threat intelligence objects and relationships,WM-ACT-020;WM-SFT-006;WM-ACT-042;WM-XCT-019,broad-family-covered,"Threat actor/campaign/indicator boundaries need dedicated crosswalk"
NIST AI RMF,https://www.nist.gov/itl/ai-risk-management-framework,AI risk governance map measure manage,WM-AI-001;WM-AI-003;WM-AI-008;WM-KNW-015,broad-family-covered,"Controls/evidence profiles"
ISO/IEC 42001,https://www.iso.org/standard/81230.html,AI management systems,WM-AI-001;WM-AI-008;WM-ORG-019;WM-ACT-051,broad-family-covered,"External standard licensing/version metadata"
MLCommons Croissant,https://mlcommons.org/croissant/,Machine-learning dataset metadata,WM-AI-009;WM-DAT-001;WM-DAT-008,broad-family-covered,"Dataset extension mapping"
OpenLineage,https://openlineage.io/docs/spec/,Job run dataset lineage,WM-DAT-005;WM-DAT-006;WM-AI-006,broad-family-covered,"Run-event vocabulary alignment"
DOI/ORCID/ROR,https://www.crossref.org/documentation/member-setup/constructing-your-dois/,Research identifiers for outputs people organizations,WM-REC-004;WM-PER-001;WM-ORG-001;WM-XCT-011,binding-covered,"Keep as identifier schemes"
DataCite,https://schema.datacite.org/,Research object metadata and relationships,WM-REC-004;WM-DAT-001;WM-XCT-012;WM-KNW-008,broad-family-covered,"Relation-type crosswalk"
XBRL,https://specifications.xbrl.org/,Business reporting facts taxonomies and reports,WM-ECO-018;WM-ECO-033;WM-ECO-034;WM-KNW-018,broad-family-covered,"Facts/contexts/units map to findings and mixins"
UBL,https://docs.oasis-open.org/ubl/UBL-2.3.html,Procurement order invoice fulfilment payment documents,WM-ECO-019;WM-ECO-020;WM-ECO-008;WM-ECO-024;WM-ECO-009,broad-family-covered,"Document schemas remain format bindings"
Peppol,https://docs.peppol.eu/poacc/billing/3.0/,Electronic invoicing profiles and transport,WM-ECO-008;WM-ECO-032;WM-POL-011,broad-family-covered,"Jurisdiction/process profiles"
ESRS,https://xbrl.efrag.org/e-esrs/esrs-set1-2023.html,Sustainability disclosures,WM-ECO-034;WM-ECO-014;WM-FLW-006;WM-FLW-015,broad-family-covered,"Disclosure vs product-footprint boundary retained"
IFRS,https://www.ifrs.org/issued-standards/list-of-standards/,Financial and sustainability reporting,WM-ECO-018;WM-ECO-034;WM-ECO-017,broad-family-covered,"Taxonomy version mappings"
ISO ICS,https://www.iso.org/publication/PUB100033.html,Classification of standards by fields,WM-REC-005;WM-KNW-018,binding-covered,"Use for catalogue classification only"
