source_model_id,relation_type,target_model_id,instance_semantics,rationale,review_state
WM-SFT-016,REFERENCE,WM-MAT-008,An SLO evaluation cites observations and absence evidence for one window,Observation identity value method uncertainty and time remain observation-owned,candidate
WM-SFT-016,REFERENCE,WM-ACT-004,An SLO policy may attach to a service definition as its reliability subject,Service identity expected outcome and consumer scope remain service-owned,candidate
WM-SFT-016,REFERENCE,WM-ECO-006,A contract may cite SLO policy and evaluation evidence without subordinating the reliability aggregate,Contractual obligations obligees credits remedies and enforceability remain contract-owned,candidate
WM-SFT-016,REFERENCE,WM-XCT-009,A window definition may pin calendar identity timezone and period conventions,Calendar arithmetic version and lifecycle remain calendar-owned,candidate
WM-SFT-010,REFERENCE,WM-SFT-002,A runtime environment or deployed instance references its logical software system or business application,System identity ownership and product lifecycle remain WM-SFT-002-owned,candidate
WM-SFT-010,REFERENCE,WM-SFT-009,A deployed instance may reference the deployment occurrence that created or changed it,Deployment plan execution approval and outcome remain deployment-owned,candidate
WM-SFT-010,REFERENCE,WM-XCT-039,Runtime facts may participate in tenant-scoped mastership and bounded impact projections,Managed-service graph tenant and projection semantics remain WM-XCT-039-owned,candidate
WM-SFT-010,REFERENCE,WM-OBJ-001,A configuration-item designation may reference an underlying physical item,Physical identity custody ownership and asset lifecycle remain physical-item-owned,candidate
WM-SFT-003,REFERENCE,WM-DAT-004,A contract revision pins immutable payload schema and data-contract revisions,Payload meaning constraints and data obligations remain data-contract-owned,candidate
WM-SFT-003,REFERENCE,WM-SFT-018,An endpoint binding resolves network address exposure and environment for a contract revision,Endpoint identity connectivity and exposure lifecycle remain endpoint-owned,candidate
WM-SFT-003,REFERENCE,WM-REC-003,An addressed message exchange may cite contract revision and endpoint binding,Message identity payload custody delivery and retention remain message-owned,candidate
WM-SFT-003,REFERENCE,WM-ACT-015,A non-addressed exchange occurrence may cite contract revision and endpoint binding,Occurrence identity timing and observation lifecycle remain event-owned,candidate
WM-ACT-022,REFERENCE,WM-ACT-036,An experiment run belongs to one research study and pins one immutable study-scoped design release,Study protocol design and finding lifecycle remain study-owned,candidate
WM-ACT-022,REFERENCE,WM-KNW-009,A run may pin preregistered or explicit post-hoc hypothesis revisions,Hypothesis identity revision and assessment remain hypothesis-owned,candidate
WM-ACT-022,REFERENCE,WM-MAT-008,A run attempt may reference observations and measured values,Observation identity value method and uncertainty remain observation-owned,candidate
WM-ACT-022,REFERENCE,WM-DAT-001,A run manifest pins immutable input and result dataset versions partitions and digests,Dataset identity content and lifecycle remain dataset-owned,candidate
WM-ACT-022,REFERENCE,WM-ACT-053,A run may reference separate analysis or processing execution evidence,Processing execution retry and result production remain external,candidate
WM-ACT-022,REFERENCE,WM-KNW-008,A run may reference evidence and citation bindings used by later findings,Evidence stance and citation lifecycle remain knowledge-owned,candidate
WM-ACT-004,REFERENCE,WM-ORG-001,A service definition resolves accountable provider and realization-provider organization identity,Organization identity and lifecycle remain organization-owned,candidate
WM-ACT-004,REFERENCE,WM-ACT-003,A service realization may reference a delivery workflow definition,Process definition and execution state remain process-owned,candidate
WM-ACT-004,REFERENCE,WM-ECO-022,A service may be the subject of a recurring subscription or consumption relationship,Subscription identity entitlement period and billing lifecycle remain external,candidate
WM-ACT-004,REFERENCE,WM-ACT-021,A service may be referenced by a request or service case,Request handling resolution acceptance and closure remain case-owned,candidate
WM-ACT-004,REFERENCE,WM-SFT-016,A service may reference service-level objectives and reliability evaluation,Target evaluation and error-budget lifecycle remain SLO-owned,candidate
WM-ACT-004,REFERENCE,WM-MAT-008,A service may reference measured quality observations,Observation identity value method and uncertainty remain observation-owned,candidate
WM-REC-012,REFERENCE,WM-ACT-025,A minutes or transcript work references the meeting or session occurrence it records,Session identity agenda procedure attendance and quorum remain meeting-owned,candidate
WM-REC-012,REFERENCE,WM-ACT-027,A transcript passage may reference a source interaction turn or capture span,Turn identity channel-native locators threading and capture provenance remain interaction-owned,candidate
WM-REC-012,REFERENCE,WM-ACT-006,A minutes work may reference a task raised or ordered during the session,Task authority state and execution lifecycle remain task-owned,candidate
WM-REC-012,REFERENCE,WM-KNW-010,A minutes work may reference decision content alternatives or rationale discussed in session,Proposal and decision-content lifecycle remain external,candidate
WM-REC-012,REFERENCE,WM-ACT-024,A record approval or reported decision pins the authorized decision occurrence,Competence quorum vote and effect onset remain decision-occurrence-owned,candidate
WM-REC-012,REFERENCE,WM-REC-010,A minutes work may reference the fixed decision record produced by an authorized occurrence,Decision record identity and correction lifecycle remain WM-REC-010-owned,candidate
WM-REC-012,REFERENCE,WM-REC-001,Minutes and transcript use the common durable-record identity custody fixity retention and disposition authority,The specialized record does not duplicate base record mastership,candidate
WM-DAT-007,REFERENCE,WM-KNW-013,A data quality evaluation pins reusable rule and threshold revisions,Rule predicates and applicability lifecycle remain rule-owned,candidate
WM-DAT-007,REFERENCE,WM-MAT-008,A data quality evaluation references observations and measured values as evidence,Observation identity method value and uncertainty remain observation-owned,candidate
WM-DAT-007,REFERENCE,WM-KNW-014,A governed discrepancy may be opened as an issue from an evaluation result,Violation result is not itself an issue and WM-DAT-007 cannot close it,candidate
WM-DAT-007,REFERENCE,WM-ACT-034,Data quality evaluation reuses the generic assessment shape,Purpose criteria evidence conclusion and validity shape are shared without duplicate result mastership,candidate
WM-DAT-007,REFERENCE,WM-DAT-001,A data quality evaluation pins the assessed dataset and version,Dataset identity content and lifecycle remain dataset-owned,candidate
WM-DAT-007,REFERENCE,WM-DAT-004,A data quality evaluation pins schema contract and required-value obligations,Contract revision and obligation lifecycle remain contract-owned,candidate
WM-DAT-008,REFERENCE,WM-DAT-004,A data product version pins schema and data-contract versions for composed resources,Contract lifecycle and consumer obligations remain WM-DAT-004-owned,candidate
WM-DAT-008,REFERENCE,WM-DAT-007,A data product may reference purpose-qualified quality assessments as evidence,Targets and summaries do not copy assessment verdict state,candidate
WM-DAT-008,REFERENCE,WM-MAT-008,A data product promise may cite external observations and measurements,Measurement identity value method and uncertainty remain observation-owned,candidate
WM-DAT-008,REFERENCE,WM-SFT-003,A data product access route may pin an API or interface-contract revision,Endpoint rebinding and interface lifecycle do not redefine product identity,candidate
WM-DAT-008,REFERENCE,WM-ACT-053,A data product may cite processing runs as production or freshness evidence,Pipeline execution retry and run state remain external,candidate
WM-REC-002,REFERENCE,WM-ACT-053,A report issue pins one or more processing runs as execution evidence without owning run state,Successful execution does not itself issue or publish a report,candidate
WM-REC-002,REFERENCE,WM-REC-001,A report issue references zero or more immutable record artifacts and renditions,Artifact custody fixity and retention remain record-owned,candidate
WM-REC-002,REFERENCE,WM-ACT-044,A report issue may be distributed through one or more publication operations,Issuance and publication are distinct lifecycles,candidate
WM-REC-002,REFERENCE,WM-XCT-003,A report issue pins the exact disclosure policy tuple governing output shape and suppression,The report asserts grain while disclosure policy sets the permitted ceiling,candidate
WM-REC-002,REFERENCE,WM-MED-003,A report issue may reference a bibliographic publication or edition identity,Edition identity does not replace report issue identity,candidate
WM-REC-002,REFERENCE,WM-XCT-009,A report definition or issue pins calendar identity version timezone and period convention,Calendar arithmetic and calendar lifecycle remain external,candidate
WM-ACT-021,REFERENCE,WM-KNW-014,A service case may reference an independently governed issue or problem that it reports exposes or tracks,Several service cases may reference one problem without duplicating problem identity or inheriting its lifecycle,candidate
WM-ACT-021,REFERENCE,WM-ACT-007,A service case may reference externally governed work orders that execute remedy work,Work completion does not directly set case resolution acceptance or closure,candidate
WM-ACT-021,REFERENCE,WM-ACT-027,A service case may index independently governed communication interactions,Interaction payload delivery evidence and conditional permission references remain owned by WM-ACT-027,candidate
WM-KNW-014,REFERENCE,WM-ACT-021,Issue or problem may reference a service case that exposed or tracks it without containment or lifecycle inheritance,Problem identity and corrective work remain independent from customer-case identity,candidate
WM-ORG-001,CONTAINS,WM-ORG-002,Organization instance contains organizational-unit instances,Structural matryoshka,candidate
WM-ORG-001,CONTAINS,WM-ORG-003,Organization instance contains team instances,Operational matryoshka,candidate
WM-ORG-002,CONTAINS,WM-ORG-004,Unit instance contains or governs positions,Structural matryoshka,candidate
WM-ORG-003,COMPOSE,WM-ORG-004,Team is composed through positions and assignments,Positions remain reusable,candidate
WM-ORG-004,COMPOSE,WM-ORG-016,Position is occupied through a scoped assignment,Separates position from person,candidate
WM-ORG-005,COMPOSE,WM-ORG-016,Employment relationship is realized through assignments,Supports multiple roles,candidate
WM-ORG-018,CONTAINS,WM-ACT-025,Governance body conducts meeting sessions,Decision process,candidate
WM-ACT-025,PRODUCES,WM-REC-012,Meeting may produce minutes or transcript as a separately governed durable record,Production does not imply containment parentage or shared lifecycle,candidate
WM-ACT-025,CONTAINS,WM-REC-010,Meeting may produce decision records,Outcome record,candidate
WM-ACT-029,CONTAINS,WM-ACT-005,Program or portfolio contains projects,Work matryoshka,candidate
WM-ACT-005,CONTAINS,WM-ACT-006,Project contains tasks,Work matryoshka,candidate
WM-ACT-005,CONTAINS,WM-ACT-031,Project contains milestones and deliverables,Delivery structure,candidate
WM-ACT-006,REFERENCE,WM-ACT-008,Task references plan or schedule,Plan is independently versioned,candidate
WM-ACT-007,CONTAINS,WM-ACT-006,Work order authorizes and groups tasks,Operational execution,candidate
WM-ACT-003,REFERENCE,WM-ACT-002,A step execution may reference atomic act evidence without owning the act or asserting one-to-one cardinality,Process-context execution identity remains distinct from atomic act identity,candidate
WM-ACT-003,REFERENCE,WM-ACT-009,A released process definition pins the adopted immutable method or procedure edition it operationalizes,Reusable instruction publication and adoption remain WM-ACT-009-owned,candidate
WM-ACT-002,EXTEND,WM-ACT-015,Act specializes an occurrence by adding an intentional or causal actor,Event boundary,candidate
WM-ACT-018,EXTEND,WM-ACT-015,Encounter specializes an occurrence by adding reciprocal participation,Event boundary,candidate
WM-ACT-003,REFERENCE,WM-KNW-012,Process is governed by policies or rules,Normative context,candidate
WM-ACT-032,REFERENCE,WM-REC-006,Change request traces to requirements,Change rationale,candidate
WM-ACT-032,REFERENCE,WM-KNW-010,Change request is resolved by a decision,Decision rationale,candidate
WM-PLC-004,CONTAINS,WM-PLC-005,Administrative area contains settlements,Spatial matryoshka,candidate
WM-PLC-005,CONTAINS,WM-BLT-008,Settlement contains sites or campuses,Spatial matryoshka,candidate
WM-BLT-008,CONTAINS,WM-BLT-006,Site contains facilities,Spatial/asset matryoshka,candidate
WM-BLT-006,CONTAINS,WM-BLT-001,Facility contains buildings or structures,Operational facility aggregation,candidate
WM-BLT-001,CONTAINS,WM-BLT-002,Building contains premises or spatial units,Spatial matryoshka,candidate
WM-BLT-002,CONTAINS,WM-OBJ-001,Premises contains physical item instances,Location containment,candidate
WM-OBJ-002,CLASSIFIES,WM-OBJ-001,Product type classifies item instances,Type-instance boundary,candidate
WM-OBJ-017,CLASSIFIES,WM-OBJ-001,Product configuration classifies configured instances,Variant-instance boundary,candidate
WM-OBJ-019,COMPOSE,WM-OBJ-002,Engineering BOM composes component types,Type-level assembly,candidate
WM-OBJ-012,COMPOSE,WM-OBJ-001,As-built assembly composes item instances,Instance-level assembly,candidate
WM-OBJ-018,REFERENCE,WM-REC-006,Engineering design realizes requirements,Traceability,candidate
WM-OBJ-022,VIEW,WM-OBJ-001,Asset lifecycle is a projection over an item,No second master identity,candidate
WM-OBJ-022,COMPOSE,WM-ACT-013,Asset lifecycle includes maintenance history,Operational context,candidate
WM-OBJ-020,REFERENCE,WM-OBJ-001,Stock position references item type or instances,Inventory mastership,candidate
WM-FLW-011,CONTAINS,WM-OBJ-021,Shipment contains handling units,Logistics matryoshka,candidate
WM-OBJ-021,CONTAINS,WM-OBJ-001,Handling unit contains item instances,Nested packaging,candidate
WM-FLW-011,REFERENCE,WM-FLW-009,Shipment references transport journeys,Movement execution,candidate
WM-FLW-013,COMPOSE,WM-ACT-015,Supply-chain trace composes custody events,Traceability pattern,candidate
WM-ECO-019,REFERENCE,WM-ECO-021,Purchase order may originate from accepted quote,Commercial lifecycle,candidate
WM-ECO-019,CONTAINS,WM-ECO-024,Order contains fulfilment obligations,Commercial lifecycle,candidate
WM-ECO-024,REFERENCE,WM-FLW-011,Fulfilment references shipments,Physical delivery,candidate
WM-ECO-024,REFERENCE,WM-ECO-008,Fulfilment references invoices,Billing evidence,candidate
WM-ECO-008,REFERENCE,WM-ECO-009,Invoice is settled by payments,Financial lifecycle,candidate
WM-ECO-009,COMPOSE,WM-ECO-016,Payment produces financial transactions or postings,Accounting trace,candidate
WM-ECO-009,REFERENCE,WM-ECO-004,Payment references monetary unit or instrument,Money versus transfer boundary,candidate
WM-ECO-015,REFERENCE,WM-ECO-004,Financial account declares its denomination or permitted monetary instruments,Account identity parties lifecycle and rules remain owned by WM-ECO-015; WM-ECO-004 defines only the referenced unit or instrument,candidate
WM-ECO-017,REFERENCE,WM-ECO-004,Financial position or balance quantifies a referenced monetary unit or instrument,Position ownership account scope amount and as-of state remain owned by WM-ECO-017; WM-ECO-004 defines only the referenced unit or instrument,candidate
WM-ECO-015,CONTAINS,WM-ECO-016,Financial account contains postings,Ledger matryoshka,candidate
WM-ECO-018,COMPOSE,WM-ECO-017,Financial statement reports positions or balances,Reporting projection,candidate
WM-ECO-003,CONTAINS,WM-ECO-036,Insurance policy context contains claims,Insurance lifecycle,candidate
WM-ECO-036,COMPOSE,WM-ACT-045,Claim is processed through claim handling,Case/process separation,candidate
WM-POL-009,CONTAINS,WM-POL-019,Court case contains filings or pleadings,Legal case matryoshka,candidate
WM-POL-009,CONTAINS,WM-POL-020,Court case contains or references evidence items,Legal evidence context,candidate
WM-POL-009,CONTAINS,WM-POL-021,Court case produces judgments or legal decisions,Legal outcome,candidate
WM-POL-021,CONTAINS,WM-POL-022,Judgment may impose sanctions or sentence,Legal outcome,candidate
WM-POL-021,REFERENCE,WM-POL-023,Judgment may authorize enforcement actions,Execution lifecycle,candidate
WM-POL-017,COMPOSE,WM-REC-009,Administrative case begins with application or request,Public service lifecycle,candidate
WM-POL-017,COMPOSE,WM-REC-010,Administrative case ends or changes through decisions,Public service lifecycle,candidate
WM-DAT-008,REFERENCE,WM-DAT-001,Data product catalog entry references datasets,Offering versus bytes,candidate
WM-DAT-001,REFERENCE,WM-DAT-004,Dataset conforms to schemas or data contracts,Semantic contract,candidate
WM-DAT-001,COMPOSE,WM-DAT-006,Dataset includes lineage context,Provenance pattern,candidate
WM-DAT-001,COMPOSE,WM-DAT-007,Dataset includes quality assessments,Quality evidence,candidate
WM-DAT-005,CONTAINS,WM-ACT-053,Data pipeline contains processing jobs,Runnable graph,candidate
WM-DAT-005,COMPOSE,WM-DAT-006,Pipeline emits lineage,Processing provenance,candidate
WM-SFT-001,COMPOSE,WM-SFT-007,Software product is composed of components or packages,Software composition,candidate
WM-SFT-005,CONTAINS,WM-SFT-013,Source repository contains change or pull requests,Development lifecycle,candidate
WM-SFT-007,REFERENCE,WM-SFT-012,Package or release references an SBOM,Supply-chain evidence,candidate
WM-SFT-008,REFERENCE,WM-SFT-012,Build or release produces an SBOM,Build provenance,candidate
WM-SFT-008,REFERENCE,WM-SFT-015,Build or release references test evidence,Release assurance,candidate
WM-SFT-009,REFERENCE,WM-SFT-008,Deployment installs a release,Runtime lifecycle,candidate
WM-SFT-009,REFERENCE,WM-SFT-010,Deployment targets a runtime environment,Runtime context,candidate
WM-SFT-014,REFERENCE,WM-SFT-013,Defect may be resolved by software change,Development traceability,candidate
WM-AI-001,COMPOSE,WM-SFT-004,AI system uses one or more model artifacts,System-model boundary,candidate
WM-AI-001,COMPOSE,WM-AI-002,AI system may expose agent actors,System-agent boundary,candidate
WM-AI-002,REFERENCE,WM-AI-005,AI agent uses prompt or agent configuration,Operational instruction,candidate
WM-AI-004,REFERENCE,WM-AI-002,Agent run references executing agent,Execution provenance,candidate
WM-AI-004,REFERENCE,WM-AI-005,Agent run references exact configuration,Reproducibility,candidate
WM-AI-006,REFERENCE,WM-DAT-001,Training run references datasets,Training provenance,candidate
WM-AI-006,PRODUCES,WM-SFT-004,Training run produces model artifact,Training lifecycle,candidate
WM-AI-003,REFERENCE,WM-AI-009,Evaluation references benchmark dataset,Evaluation reproducibility,candidate
WM-AI-003,REFERENCE,WM-SFT-004,Evaluation assesses a model artifact,Evaluation subject,candidate
WM-AI-008,REFERENCE,WM-KNW-015,AI governance assessment references risks and opportunities,Risk evidence,candidate
WM-VRT-005,REFERENCE,WM-PER-002,Service account may be bound to a federated digital identity,Keep-both boundary,candidate
WM-ACT-020,REFERENCE,WM-SFT-006,Cyber incident may reference vulnerabilities,Security context,candidate
WM-ACT-020,COMPOSE,WM-ACT-042,Cyber incident is handled by incident response,Incident/process separation,candidate
WM-ACT-042,REFERENCE,WM-ACT-043,Response invokes continuity or recovery plans,Resilience lifecycle,candidate
WM-ACT-014,CONTAINS,WM-ACT-018,Care delivery contains encounters,Healthcare matryoshka,candidate
WM-ACT-018,CONTAINS,WM-ACT-046,Encounter contains clinical observations or diagnoses,Clinical context,candidate
WM-ACT-049,REFERENCE,WM-LIV-021,Care plan addresses diseases or conditions,Clinical goal context,candidate
WM-ACT-049,CONTAINS,WM-ACT-047,Care plan may contain procedures,Clinical plan,candidate
WM-ACT-049,CONTAINS,WM-ACT-048,Care plan may contain medication orders,Clinical plan,candidate
WM-ACT-036,CONTAINS,WM-ACT-022,Research study contains experiments or trials,Research matryoshka,candidate
WM-ACT-036,REFERENCE,WM-MAT-005,Research study references specimens or samples,Research material,candidate
WM-ACT-036,PRODUCES,WM-DAT-001,Research study produces datasets,Research output,candidate
WM-ACT-036,PRODUCES,WM-REC-004,Research study produces scholarly publications,Research output,candidate
WM-ACT-036,CONTAINS,WM-ACT-054,Research study contains subject participation records,Research governance,candidate
WM-LIV-024,CONTAINS,WM-LIV-023,Biobank contains clinical or biological specimens,Sample repository matryoshka,candidate
WM-LIV-023,REFERENCE,WM-MAT-007,Specimen is processed through laboratory analyses,Clinical and laboratory boundary,candidate
WM-REC-015,CONTAINS,WM-REC-001,Archival fonds or collection contains records,Archival matryoshka,candidate
WM-SPC-004,CONTAINS,WM-SPC-001,Satellite mission contains spacecraft or orbital objects,Mission matryoshka,candidate
WM-ECO-037,EXTEND,WM-ECO-005,Debt instrument resolves part of the former credit/security category,Category split,candidate
WM-ECO-038,EXTEND,WM-ECO-005,Equity or security holding resolves part of the former credit/security category,Category split,candidate
WM-POL-028,EXTEND,WM-POL-006,Border crossing event resolves the event portion of former combined category,Category split,candidate
WM-POL-029,EXTEND,WM-POL-006,Migration status resolves the legal-status portion of former combined category,Category split,candidate
WM-MED-008,MIX-IN,WM-MED-002,Content provenance credential binds to media assets and renditions,Authenticity evidence,candidate
WM-AI-010,REFERENCE,WM-AI-001,AI incident report names affected AI systems,Regulatory reporting,candidate
WM-AI-010,REFERENCE,WM-ACT-019,AI incident specializes the general incident context,Incident alignment,candidate
WM-KNW-007,REFERENCE,WM-KNW-008,Claim is supported or challenged by evidence/citations,Knowledge graph,candidate
WM-KNW-010,REFERENCE,WM-KNW-008,Decision rationale cites evidence,Explainability,candidate
WM-KNW-012,REFERENCE,WM-KNW-013,Policy can be expressed through constraints or rules,Normative composition,candidate
WM-XCT-003,EXTEND,WM-KNW-012,Projection or disclosure policy specializes the generic governed policy with output-shape semantics,Keep generic policy identity authority lifecycle and conflict rules in WM-KNW-012,candidate
WM-XCT-003,REFERENCE,WM-XCT-001,Projection policy references the owner or delegated steward authorised to govern disclosure shape,Ownership and delegation remain WM-XCT-001,candidate
WM-XCT-003,REFERENCE,WM-XCT-002,Projection policy may be bound to an access contract or consent grant,Authorization purpose parties and consent lifecycle remain WM-XCT-002,candidate
WM-XCT-003,REFERENCE,WM-XCT-004,Every served projection records the applied policy version and output fingerprint in access audit,Audit event and append-only access trail remain WM-XCT-004,candidate
WM-XCT-003,REFERENCE,WM-XCT-005,Aggregate-only projection references applicable cohort and privacy floors,Threshold calculation and privacy aggregation assurance remain WM-XCT-005,candidate
WM-XCT-003,REFERENCE,WM-XCT-020,Field treatment may depend on a governed sensitivity classification binding,Classification scheme membership and assignment remain WM-XCT-020,candidate
WM-XCT-003,REFERENCE,WM-DAT-004,Projection paths and compiled output shapes reference the governed source schema or data contract,Source semantics and validation contract remain WM-DAT-004,candidate
WM-XCT-003,REFERENCE,WM-XCT-038,Runtime enforcement evaluates the projection policy for a concrete request and records obligations,Decision input outcome explanation and enforcement execution remain WM-XCT-038,candidate
WM-XCT-013,REFERENCE,WM-XCT-011,Registers and entries use governed identifier schemes and assignments,Identifier syntax allocation lifecycle and resolution remain WM-XCT-011,candidate
WM-XCT-013,MIX-IN,WM-XCT-012,Register entries and registration acts carry provenance references,Provenance agents derivations and source lineage remain WM-XCT-012,candidate
WM-XCT-013,MIX-IN,WM-XCT-001,Register and entry stewardship resolve to accountable owners,Ownership transfer delegation and stewardship lifecycle remain WM-XCT-001,candidate
WM-XCT-013,REFERENCE,WM-XCT-002,Inspection extracts and bulk access are governed by access contracts,Authorization purpose consent parties and grant lifecycle remain WM-XCT-002,candidate
WM-XCT-013,MIX-IN,WM-XCT-004,Registration acts and disclosures contribute access audit events,Audit event schema ordering integrity and retention remain WM-XCT-004,candidate
WM-XCT-013,REFERENCE,WM-XCT-028,Entries and registry decisions reference supporting evidence and rationale,Evidence custody support challenge and rationale semantics remain WM-XCT-028,candidate
WM-XCT-013,MIX-IN,WM-XCT-021,Registers entries and registry cases bind to governed lifecycle states,Generic status vocabulary transitions and lifecycle history remain WM-XCT-021,candidate
WM-XCT-013,MIX-IN,WM-XCT-022,Register definitions and entries expose governed versions and change history,Generic version identity diffs and change history remain WM-XCT-022,candidate
WM-XCT-013,REFERENCE,WM-REC-009,Registry filing and amendment requests reference generic application records,Application intake applicant payload and request lifecycle remain WM-REC-009,candidate
WM-XCT-013,REFERENCE,WM-REC-010,Registration acceptance refusal correction and cancellation reference decision records,Decision outcome reasons approval evidence and signoff remain WM-REC-010,candidate
WM-XCT-013,COMPOSE,WM-XCT-015,Registry changes publish domain events to an append-only event register,Event ordering replay integrity proof and retention remain WM-XCT-015,candidate
WM-XCT-013,REFERENCE,WM-XCT-018,Independent registries may participate in federation and controlled mirroring,Authority topology routing mirroring freshness and drift remain WM-XCT-018,candidate
WM-XCT-013,REFERENCE,WM-XCT-003,Public views certified extracts and bulk views use governed disclosure shapes,Projection selection transformation grain compilation and runtime enforcement remain WM-XCT-003 and its evaluator,candidate
WM-XCT-013,REFERENCE,WM-POL-013,A public registry references the mandate defining registrar powers and subject scope,Registry mandate issuance authority jurisdiction and lifecycle remain WM-POL-013,candidate
WM-XCT-013,REFERENCE,WM-POL-010,Objections appeals and contested entries reference the competent dispute forum,Case procedure jurisdiction hearings and adjudication remain WM-POL-010,candidate
