registry_id,model_id,name,entry_kind,origin,status,nav_path,legacy_alias,parent_mm,contains_mm,priority_wave,priority_score,priority_rationale,factor_demand,factor_data,factor_reuse,factor_interop,factor_feasibility,factor_robotics,factor_overlap,external_merge_status,review_notes
vr.wm-act-015,WM-ACT-015,Occurrence / Event,standalone-mm,internal-desired,candidate,NAV.ACT.EVT,X1,,,0,88,AI foundation: high reuse across agents and domains,0.92,0.85,0.92,0.85,0.90,0.00,0.05,pending,
vr.wm-act-008,WM-ACT-008,Plan / Schedule,standalone-mm,internal-desired,candidate,NAV.ACT.PLN,K7,,,0,88,AI foundation: high reuse across agents and domains,0.92,0.85,0.92,0.85,0.90,0.00,0.05,pending,
vr.wm-act-005,WM-ACT-005,Project,standalone-mm,internal-desired,candidate,NAV.ACT.PRJ,K5,,,0,88,AI foundation: high reuse across agents and domains,0.92,0.85,0.92,0.85,0.90,0.00,0.05,pending,
vr.wm-act-006,WM-ACT-006,Task,standalone-mm,internal-desired,candidate,NAV.ACT.TSK,,,,0,88,AI foundation: high reuse across agents and domains,0.92,0.85,0.92,0.85,0.90,0.00,0.05,pending,
vr.wm-dat-001,WM-DAT-001,Dataset,standalone-mm,internal-desired,candidate,NAV.INF.DAT.SET,N3,,,0,88,AI foundation: high reuse across agents and domains,0.92,0.85,0.92,0.85,0.90,0.00,0.05,pending,
vr.wm-rec-001,WM-REC-001,Document / Record,standalone-mm,internal-desired,candidate,NAV.INF.REC.DOC,N1,,,0,88,AI foundation: high reuse across agents and domains,0.92,0.85,0.92,0.85,0.90,0.00,0.05,pending,
vr.wm-rec-003,WM-REC-003,Message,standalone-mm,internal-desired,candidate,NAV.INF.REC.MSG,N7,,,0,88,AI foundation: high reuse across agents and domains,0.92,0.85,0.92,0.85,0.90,0.00,0.05,pending,
vr.wm-sft-001,WM-SFT-001,Software Product,standalone-mm,internal-desired,candidate,NAV.INF.SFT.PRD,N4 / AISMM,,,0,88,AI foundation: high reuse across agents and domains,0.92,0.85,0.92,0.85,0.90,0.00,0.05,pending,"хост, не карточка-заглушка"
vr.wm-obj-001,WM-OBJ-001,Physical Item Instance,standalone-mm,internal-desired,candidate,NAV.PHY.OBJ.INST,M2,,,0,88,AI foundation: high reuse across agents and domains,0.92,0.85,0.92,0.85,0.90,0.00,0.05,pending,серийный экземпляр
vr.wm-obj-002,WM-OBJ-002,Product Type / Catalog Item,standalone-mm,internal-desired,candidate,NAV.PHY.OBJ.TYPE,,,,0,88,AI foundation: high reuse across agents and domains,0.92,0.85,0.92,0.85,0.90,0.00,0.05,pending,"GTIN-класс, не экземпляр и не офер"
vr.wm-eco-006,WM-ECO-006,Commercial Contract,standalone-mm,internal-desired,candidate,NAV.SOC.ECO.CTR,O5,,,0,88,AI foundation: high reuse across agents and domains,0.92,0.85,0.92,0.85,0.90,0.00,0.05,pending,контракт не «организация»
vr.wm-eco-004,WM-ECO-004,Money / Instrument,standalone-mm,internal-desired,candidate,NAV.SOC.ECO.MNY,F2,,,0,88,AI foundation: high reuse across agents and domains,0.92,0.85,0.92,0.85,0.90,0.00,0.05,pending,
vr.wm-eco-009,WM-ECO-009,Payment,standalone-mm,internal-desired,candidate,NAV.SOC.ECO.PAY,F2,,,0,88,AI foundation: high reuse across agents and domains,0.92,0.85,0.92,0.85,0.90,0.00,0.05,pending,
vr.wm-org-001,WM-ORG-001,Organization,standalone-mm,internal-desired,candidate,NAV.SOC.ORG.ORG,O1,,,0,88,AI foundation: high reuse across agents and domains,0.92,0.85,0.92,0.85,0.90,0.00,0.05,pending,
vr.wm-org-004,WM-ORG-004,Position,standalone-mm,internal-desired,candidate,NAV.SOC.ORG.POS,O2/O3,,,0,88,AI foundation: high reuse across agents and domains,0.92,0.85,0.92,0.85,0.90,0.00,0.05,pending,
vr.wm-org-002,WM-ORG-002,Organizational Unit,standalone-mm,internal-desired,candidate,NAV.SOC.ORG.UNT,O2,,,0,88,AI foundation: high reuse across agents and domains,0.92,0.85,0.92,0.85,0.90,0.00,0.05,pending,
vr.wm-per-001,WM-PER-001,Person,standalone-mm,internal-desired,candidate,NAV.SOC.PER.NAT,H1,,,0,88,AI foundation: high reuse across agents and domains,0.92,0.85,0.92,0.85,0.90,0.00,0.05,pending,"гражданская идентичность, не организм"
vr.wm-xct-001,WM-XCT-001,Ownership / Stewardship,mixin,internal-desired,candidate,NAV.XCT,S1,,,0,88,AI foundation: high reuse across agents and domains,0.92,0.85,0.92,0.85,0.90,0.00,0.05,pending,MIX-IN каждого объекта
vr.wm-xct-002,WM-XCT-002,Access Contract / Consent,mixin,internal-desired,candidate,NAV.XCT,S2,,,0,88,AI foundation: high reuse across agents and domains,0.92,0.85,0.92,0.85,0.90,0.00,0.05,pending,MIX-IN
vr.wm-xct-003,WM-XCT-003,Projection / Disclosure Policy,mixin,internal-desired,candidate,NAV.XCT,S3,,,0,88,AI foundation: high reuse across agents and domains,0.92,0.85,0.92,0.85,0.90,0.00,0.05,pending,MIX-IN
vr.wm-xct-008,WM-XCT-008,Quantity / Unit,mixin,internal-desired,candidate,NAV.XCT,+ QUDT,,,0,88,AI foundation: high reuse across agents and domains,0.92,0.85,0.92,0.85,0.90,0.00,0.05,pending,EMBED value object
vr.wm-xct-009,WM-XCT-009,Time / Calendar,mixin,internal-desired,candidate,NAV.XCT,N11,,,0,88,AI foundation: high reuse across agents and domains,0.92,0.85,0.92,0.85,0.90,0.00,0.05,pending,MIX-IN + reference
vr.wm-xct-010,WM-XCT-010,Location Referencing / Address,mixin,internal-desired,candidate,NAV.XCT,U7,,,0,88,AI foundation: high reuse across agents and domains,0.92,0.85,0.92,0.85,0.90,0.00,0.05,pending,R1 value object
vr.wm-xct-011,WM-XCT-011,Identifier Scheme,mixin,internal-desired,candidate,NAV.XCT,N8,,,0,88,AI foundation: high reuse across agents and domains,0.92,0.85,0.92,0.85,0.90,0.00,0.05,pending,R3
vr.wm-xct-012,WM-XCT-012,Provenance,mixin,internal-desired,candidate,NAV.XCT,+ PROV-O,,,0,88,AI foundation: high reuse across agents and domains,0.92,0.85,0.92,0.85,0.90,0.00,0.05,pending,MIX-IN
vr.wm-xct-013,WM-XCT-013,Registry Pattern,pattern,internal-desired,candidate,NAV.XCT,R1,,,0,88,AI foundation: high reuse across agents and domains,0.92,0.85,0.92,0.85,0.90,0.00,0.05,pending,паттерн
vr.wm-xct-020,WM-XCT-020,Classification Binding,pattern,internal-desired,candidate,NAV.XCT,,,,0,88,AI foundation: high reuse across agents and domains,0.92,0.85,0.92,0.85,0.90,0.00,0.05,pending,ссылка на схему+код+версию
vr.wm-act-021,WM-ACT-021,Service Case / Ticket,standalone-mm,internal-desired,candidate,NAV.ACT.CSE,+ ITIL/CSDM,,,1,76,High current AI demand and an existing digital system of record,0.84,0.74,0.68,0.78,0.82,0.02,0.08,pending,
vr.wm-act-020,WM-ACT-020,Cyber Incident,standalone-mm,internal-desired,candidate,NAV.ACT.CYB,S8,,,1,76,High current AI demand and an existing digital system of record,0.84,0.74,0.68,0.78,0.82,0.02,0.08,pending,
vr.wm-act-014,WM-ACT-014,Health Care Delivery,standalone-mm,internal-desired,candidate,NAV.ACT.HCR,K12,,,1,76,High current AI demand and an existing digital system of record,0.84,0.74,0.68,0.78,0.82,0.02,0.08,pending,
vr.wm-act-007,WM-ACT-007,Work Order,standalone-mm,internal-desired,candidate,NAV.ACT.WO,K11,,,1,76,High current AI demand and an existing digital system of record,0.84,0.74,0.68,0.78,0.82,0.02,0.08,pending,
vr.wm-dat-002,WM-DAT-002,Official Statistics,standalone-mm,internal-desired,candidate,NAV.INF.DAT.STA,N10,,,1,76,High current AI demand and an existing digital system of record,0.84,0.74,0.68,0.78,0.82,0.02,0.08,pending,
vr.wm-knw-005,WM-KNW-005,Agent Skill / Instruction,standalone-mm,internal-desired,candidate,NAV.INF.KNW.SKL,BKM,,,1,76,High current AI demand and an existing digital system of record,0.84,0.74,0.68,0.78,0.82,0.02,0.08,pending,высокий спрос ИИ
vr.wm-sft-004,WM-SFT-004,ML Model Artifact,standalone-mm,internal-desired,candidate,NAV.INF.SFT.ML,,,,1,76,High current AI demand and an existing digital system of record,0.84,0.74,0.68,0.78,0.82,0.02,0.08,pending,отдельный жизненный цикл
vr.wm-sft-006,WM-SFT-006,Vulnerability Record,standalone-mm,internal-desired,candidate,NAV.INF.SFT.VUL,S8,,,1,76,High current AI demand and an existing digital system of record,0.84,0.74,0.68,0.78,0.82,0.02,0.08,pending,CVE как сущность
vr.wm-blt-001,WM-BLT-001,Building / Structure,standalone-mm,internal-desired,candidate,NAV.PHY.BLT.BLD,U1,,,1,76,High current AI demand and an existing digital system of record,0.84,0.74,0.68,0.78,0.82,0.02,0.08,pending,
vr.wm-blt-006,WM-BLT-006,Facility,standalone-mm,internal-desired,candidate,NAV.PHY.BLT.FAC,+ критический пробел,,,1,76,High current AI demand and an existing digital system of record,0.84,0.74,0.68,0.78,0.82,0.02,0.08,pending,
vr.wm-flw-004,WM-FLW-004,Goods Movement / Logistics,standalone-mm,internal-desired,candidate,NAV.PHY.FLW.LOG,F3,,,1,76,High current AI demand and an existing digital system of record,0.84,0.74,0.68,0.78,0.82,0.02,0.08,pending,
vr.wm-liv-001,WM-LIV-001,Taxon,standalone-mm,internal-desired,candidate,NAV.PHY.LIV.TAX,P6/P7 общий родитель,,,1,76,High current AI demand and an existing digital system of record,0.84,0.74,0.68,0.78,0.82,0.02,0.08,pending,
vr.wm-obj-007,WM-OBJ-007,Vehicle,standalone-mm,internal-desired,candidate,NAV.PHY.OBJ.VEH,M7,,,1,76,High current AI demand and an existing digital system of record,0.84,0.74,0.68,0.78,0.82,0.02,0.08,pending,
vr.wm-plc-004,WM-PLC-004,Administrative Area,standalone-mm,internal-desired,candidate,NAV.PHY.PLC.ADM,+ сейчас спрятано в U4/A,,,1,76,High current AI demand and an existing digital system of record,0.84,0.74,0.68,0.78,0.82,0.02,0.08,pending,
vr.wm-plc-002,WM-PLC-002,Land Parcel,standalone-mm,internal-desired,candidate,NAV.PHY.PLC.PAR,P2,,,1,76,High current AI demand and an existing digital system of record,0.84,0.74,0.68,0.78,0.82,0.02,0.08,pending,
vr.wm-eco-012,WM-ECO-012,Budget,standalone-mm,internal-desired,candidate,NAV.SOC.ECO.BDG,MOS Treasury,,,1,76,High current AI demand and an existing digital system of record,0.84,0.74,0.68,0.78,0.82,0.02,0.08,pending,
vr.wm-eco-008,WM-ECO-008,Invoice / Commercial Document,standalone-mm,internal-desired,candidate,NAV.SOC.ECO.INV,N1,,,1,76,High current AI demand and an existing digital system of record,0.84,0.74,0.68,0.78,0.82,0.02,0.08,pending,UBL; можно child N1
vr.wm-eco-001,WM-ECO-001,Market / Exchange,standalone-mm,internal-desired,candidate,NAV.SOC.ECO.MKT,C? пропавший,,,1,76,High current AI demand and an existing digital system of record,0.84,0.74,0.68,0.78,0.82,0.02,0.08,pending,
vr.wm-eco-002,WM-ECO-002,Price / Valuation,standalone-mm,internal-desired,candidate,NAV.SOC.ECO.PRC,C7,,,1,76,High current AI demand and an existing digital system of record,0.84,0.74,0.68,0.78,0.82,0.02,0.08,pending,
vr.wm-org-005,WM-ORG-005,Employment,standalone-mm,internal-desired,candidate,NAV.SOC.ORG.EMP,O3,,,1,76,High current AI demand and an existing digital system of record,0.84,0.74,0.68,0.78,0.82,0.02,0.08,pending,отделить от membership
vr.wm-org-006,WM-ORG-006,Membership,standalone-mm,internal-desired,candidate,NAV.SOC.ORG.MEM,O3,,,1,76,High current AI demand and an existing digital system of record,0.84,0.74,0.68,0.78,0.82,0.02,0.08,pending,
vr.wm-org-003,WM-ORG-003,Team,standalone-mm,internal-desired,candidate,NAV.SOC.ORG.TEM,,,,1,76,High current AI demand and an existing digital system of record,0.84,0.74,0.68,0.78,0.82,0.02,0.08,pending,пробел; не O2
vr.wm-per-003,WM-PER-003,Non-human Agent,standalone-mm,internal-desired,candidate,NAV.SOC.PER.AGT,,,,1,76,High current AI demand and an existing digital system of record,0.84,0.74,0.68,0.78,0.82,0.02,0.08,pending,"ИИ-агент, сервис-актор"
vr.wm-per-008,WM-PER-008,Education / Qualification,standalone-mm,internal-desired,candidate,NAV.SOC.PER.EDU,H4,,,1,76,High current AI demand and an existing digital system of record,0.84,0.74,0.68,0.78,0.82,0.02,0.08,pending,
vr.wm-per-007,WM-PER-007,Personal Health,standalone-mm,internal-desired,candidate,NAV.SOC.PER.HLTH,B10,,,1,76,High current AI demand and an existing digital system of record,0.84,0.74,0.68,0.78,0.82,0.02,0.08,pending,
vr.wm-pol-009,WM-POL-009,Court / Arbitration Case,standalone-mm,internal-desired,candidate,NAV.SOC.POL.CSE,A19,,,1,76,High current AI demand and an existing digital system of record,0.84,0.74,0.68,0.78,0.82,0.02,0.08,pending,дело ≠ форум
vr.wm-pol-001,WM-POL-001,Legal Instrument / Norm,standalone-mm,internal-desired,candidate,NAV.SOC.POL.NRM,,,,1,76,High current AI demand and an existing digital system of record,0.84,0.74,0.68,0.78,0.82,0.02,0.08,pending,закон как объект; дыра
vr.wm-pol-004,WM-POL-004,Permit / Authorization,standalone-mm,internal-desired,candidate,NAV.SOC.POL.PRM,A14,,,1,76,High current AI demand and an existing digital system of record,0.84,0.74,0.68,0.78,0.82,0.02,0.08,pending,грант живёт в Attestation
vr.wm-pol-011,WM-POL-011,Tax Obligation / Assessment,standalone-mm,internal-desired,candidate,NAV.SOC.POL.TAX,,,,1,76,High current AI demand and an existing digital system of record,0.84,0.74,0.68,0.78,0.82,0.02,0.08,pending,дыра при высоком спросе ИИ
vr.wm-act-023,WM-ACT-023,Public Health / Epidemiology,standalone-mm,internal-desired,candidate,NAV.SOC/ACT,B14,,,1,76,High current AI demand and an existing digital system of record,0.84,0.74,0.68,0.78,0.82,0.02,0.08,pending,
vr.wm-xct-006,WM-XCT-006,Verification / ZK Attestation,mixin,internal-desired,candidate,NAV.XCT,S6,,,1,76,High current AI demand and an existing digital system of record,0.84,0.74,0.68,0.78,0.82,0.02,0.08,pending,поздний приоритет
vr.wm-xct-016,WM-XCT-016,Identity Register,pattern,internal-desired,candidate,NAV.XCT,R4,,,1,76,High current AI demand and an existing digital system of record,0.84,0.74,0.68,0.78,0.82,0.02,0.08,pending,экземпляр паттерна
vr.wm-xct-017,WM-XCT-017,Attestation / Credential,mixin,internal-desired,candidate,NAV.XCT,R5,,,1,76,High current AI demand and an existing digital system of record,0.84,0.74,0.68,0.78,0.82,0.02,0.08,pending,
vr.wm-xct-004,WM-XCT-004,Access Audit,mixin,internal-desired,candidate,NAV.XCT,S4,,,2,65,Cross-cutting capability after the foundation mixins,0.61,0.65,0.76,0.72,0.67,0.00,0.14,pending,паттерн журнала
vr.wm-xct-005,WM-XCT-005,Privacy Aggregation Floor,mixin,internal-desired,candidate,NAV.XCT,S5,,,2,65,Cross-cutting capability after the foundation mixins,0.61,0.65,0.76,0.72,0.67,0.00,0.14,pending,MIX-IN статистики
vr.wm-xct-007,WM-XCT-007,Access Breach / Enforcement,mixin,internal-desired,candidate,NAV.XCT,S7,,,2,65,Cross-cutting capability after the foundation mixins,0.61,0.65,0.76,0.72,0.67,0.00,0.14,pending,близко к ACT-019/POL
vr.wm-xct-014,WM-XCT-014,Ledger / Account,pattern,internal-desired,candidate,NAV.XCT,R2,,,2,65,Cross-cutting capability after the foundation mixins,0.61,0.65,0.76,0.72,0.67,0.00,0.14,pending,паттерн + ECO
vr.wm-xct-015,WM-XCT-015,Event Register,pattern,internal-desired,candidate,NAV.XCT,R3,,,2,65,Cross-cutting capability after the foundation mixins,0.61,0.65,0.76,0.72,0.67,0.00,0.14,pending,часто не отдельная MM
vr.wm-xct-018,WM-XCT-018,Registry Federation,pattern,internal-desired,candidate,NAV.XCT,R6,,,2,65,Cross-cutting capability after the foundation mixins,0.61,0.65,0.76,0.72,0.67,0.00,0.14,pending,
vr.wm-xct-019,WM-XCT-019,Cyber Integrity,mixin,internal-desired,candidate,NAV.XCT,S8,,,2,65,Cross-cutting capability after the foundation mixins,0.61,0.65,0.76,0.72,0.67,0.00,0.14,pending,mixin систем N4/M8
vr.wm-act-016,WM-ACT-016,Observed Phenomenon,standalone-mm,internal-desired,candidate,NAV.ACT,X2,,,2,62,Useful domain context after Wave 0/1 reference foundations,0.65,0.65,0.52,0.66,0.72,0.02,0.09,pending,"часто не MM, а серия наблюдений"
vr.wm-act-002,WM-ACT-002,Act,standalone-mm,internal-desired,candidate,NAV.ACT.ACT,K2,,,2,62,Useful domain context after Wave 0/1 reference foundations,0.65,0.65,0.52,0.66,0.72,0.02,0.09,pending,
vr.wm-act-011,WM-ACT-011,Agriculture Operation,standalone-mm,internal-desired,candidate,NAV.ACT.AGR,K9,,,2,62,Useful domain context after Wave 0/1 reference foundations,0.65,0.65,0.52,0.66,0.72,0.02,0.09,pending,
vr.wm-act-001,WM-ACT-001,Function / Capability,standalone-mm,internal-desired,candidate,NAV.ACT.CAP,K1,,,2,62,Useful domain context after Wave 0/1 reference foundations,0.65,0.65,0.52,0.66,0.72,0.02,0.09,pending,
vr.wm-act-018,WM-ACT-018,Encounter,standalone-mm,internal-desired,candidate,NAV.ACT.ENC,X5,,,2,62,Useful domain context after Wave 0/1 reference foundations,0.65,0.65,0.52,0.66,0.72,0.02,0.09,pending,
vr.wm-act-022,WM-ACT-022,Experiment / Trial,standalone-mm,internal-desired,candidate,NAV.ACT.EXP,"+ CDISC/clinical [неопределённо, можно child healthcare]",,,2,62,Useful domain context after Wave 0/1 reference foundations,0.65,0.65,0.52,0.66,0.72,0.02,0.09,pending,
vr.wm-act-012,WM-ACT-012,Extraction Operation,standalone-mm,internal-desired,candidate,NAV.ACT.EXT,K10,,,2,62,Useful domain context after Wave 0/1 reference foundations,0.65,0.65,0.52,0.66,0.72,0.02,0.09,pending,
vr.wm-act-019,WM-ACT-019,Incident / Emergency,standalone-mm,internal-desired,candidate,NAV.ACT.INC,X3,,,2,62,Useful domain context after Wave 0/1 reference foundations,0.65,0.65,0.52,0.66,0.72,0.02,0.09,pending,
vr.wm-act-013,WM-ACT-013,Maintenance,standalone-mm,internal-desired,candidate,NAV.ACT.MNT,K11,,,2,62,Useful domain context after Wave 0/1 reference foundations,0.65,0.65,0.52,0.66,0.72,0.02,0.09,pending,
vr.wm-act-009,WM-ACT-009,Method / Procedure,standalone-mm,internal-desired,candidate,NAV.ACT.MTH,K6,,,2,62,Useful domain context after Wave 0/1 reference foundations,0.65,0.65,0.52,0.66,0.72,0.02,0.09,pending,
vr.wm-act-003,WM-ACT-003,Process / Workflow,standalone-mm,internal-desired,candidate,NAV.ACT.PRC,K3,,,2,62,Useful domain context after Wave 0/1 reference foundations,0.65,0.65,0.52,0.66,0.72,0.02,0.09,pending,
vr.wm-act-010,WM-ACT-010,Production Run,standalone-mm,internal-desired,candidate,NAV.ACT.PRD,K8,,,2,62,Useful domain context after Wave 0/1 reference foundations,0.65,0.65,0.52,0.66,0.72,0.02,0.09,pending,
vr.wm-act-017,WM-ACT-017,Situation,standalone-mm,internal-desired,candidate,NAV.ACT.SIT,X4,,,2,62,Useful domain context after Wave 0/1 reference foundations,0.65,0.65,0.52,0.66,0.72,0.02,0.09,pending,
vr.wm-act-004,WM-ACT-004,Service,standalone-mm,internal-desired,candidate,NAV.ACT.SRV,K4,,,2,62,Useful domain context after Wave 0/1 reference foundations,0.65,0.65,0.52,0.66,0.72,0.02,0.09,pending,
vr.wm-com-001,WM-COM-001,Communications Service,standalone-mm,internal-desired,candidate,NAV.ACT.SRV / FLW,F9,,,2,62,Useful domain context after Wave 0/1 reference foundations,0.65,0.65,0.52,0.66,0.72,0.02,0.09,pending,"услуга, не кабель"
vr.wm-dat-003,WM-DAT-003,Map Product,standalone-mm,internal-desired,candidate,NAV.INF.DAT.MAP,,,,2,62,Useful domain context after Wave 0/1 reference foundations,0.65,0.65,0.52,0.66,0.72,0.02,0.09,pending,
vr.wm-knw-004,WM-KNW-004,Knowledge Article,standalone-mm,internal-desired,candidate,NAV.INF.KNW.ART,,,,2,62,Useful domain context after Wave 0/1 reference foundations,0.65,0.65,0.52,0.66,0.72,0.02,0.09,pending,
vr.wm-knw-003,WM-KNW-003,Intellectual Property Right,standalone-mm,internal-desired,candidate,NAV.INF.KNW.IP,N12,,,2,62,Useful domain context after Wave 0/1 reference foundations,0.65,0.65,0.52,0.66,0.72,0.02,0.09,pending,"право, не произведение"
vr.wm-knw-002,WM-KNW-002,Language / Terminology,standalone-mm,internal-desired,candidate,NAV.INF.KNW.LNG,N9,,,2,62,Useful domain context after Wave 0/1 reference foundations,0.65,0.65,0.52,0.66,0.72,0.02,0.09,pending,
vr.wm-knw-001,WM-KNW-001,Model / Ontology,standalone-mm,internal-desired,candidate,NAV.INF.KNW.MDL,N6,,,2,62,Useful domain context after Wave 0/1 reference foundations,0.65,0.65,0.52,0.66,0.72,0.02,0.09,pending,
vr.wm-med-001,WM-MED-001,Creative Work,standalone-mm,internal-desired,candidate,NAV.INF.MED.WRK,N5,,,2,62,Useful domain context after Wave 0/1 reference foundations,0.65,0.65,0.52,0.66,0.72,0.02,0.09,pending,"FRBR/LRM WEMI внутри, не снаружи"
vr.wm-rec-004,WM-REC-004,Scholarly Publication,standalone-mm,internal-desired,candidate,NAV.INF.REC.PUB,N5,,,2,62,Useful domain context after Wave 0/1 reference foundations,0.65,0.65,0.52,0.66,0.72,0.02,0.09,pending,
vr.wm-rec-006,WM-REC-006,Requirement,standalone-mm,internal-desired,candidate,NAV.INF.REC.REQ,AISMM B4,,,2,62,Useful domain context after Wave 0/1 reference foundations,0.65,0.65,0.52,0.66,0.72,0.02,0.09,pending,не всегда standalone
vr.wm-rec-002,WM-REC-002,Report / Statement,standalone-mm,internal-desired,candidate,NAV.INF.REC.RPT,N2,,,2,62,Useful domain context after Wave 0/1 reference foundations,0.65,0.65,0.52,0.66,0.72,0.02,0.09,pending,часто subtype N1
vr.wm-rec-005,WM-REC-005,Standard / Spec Artifact,standalone-mm,internal-desired,candidate,NAV.INF.REC.STD,N6,,,2,62,Useful domain context after Wave 0/1 reference foundations,0.65,0.65,0.52,0.66,0.72,0.02,0.09,pending,объект мега-реестра
vr.wm-sft-003,WM-SFT-003,API / Interface,standalone-mm,internal-desired,candidate,NAV.INF.SFT.API,AISMM B2,,,2,62,Useful domain context after Wave 0/1 reference foundations,0.65,0.65,0.52,0.66,0.72,0.02,0.09,pending,скорее слой
vr.wm-sft-005,WM-SFT-005,Source Repository,standalone-mm,internal-desired,candidate,NAV.INF.SFT.REPO,,,,2,62,Useful domain context after Wave 0/1 reference foundations,0.65,0.65,0.52,0.66,0.72,0.02,0.09,pending,
vr.wm-sft-002,WM-SFT-002,Deployed System,standalone-mm,internal-desired,candidate,NAV.INF.SFT.SYS,N4,,,2,62,Useful domain context after Wave 0/1 reference foundations,0.65,0.65,0.52,0.66,0.72,0.02,0.09,pending,можно бандл AISMM
vr.wm-vrt-005,WM-VRT-005,Online Account,standalone-mm,internal-desired,candidate,NAV.INF.VRT.ACC,PER-002,,,2,62,Useful domain context after Wave 0/1 reference foundations,0.65,0.65,0.52,0.66,0.72,0.02,0.09,pending,возможный дубль
vr.wm-vrt-006,WM-VRT-006,Channel / Community,standalone-mm,internal-desired,candidate,NAV.INF.VRT.CH,+ SIOC,,,2,62,Useful domain context after Wave 0/1 reference foundations,0.65,0.65,0.52,0.66,0.72,0.02,0.09,pending,
vr.wm-vrt-003,WM-VRT-003,Simulation,standalone-mm,internal-desired,candidate,NAV.INF.VRT.SIM,,,,2,62,Useful domain context after Wave 0/1 reference foundations,0.65,0.65,0.52,0.66,0.72,0.02,0.09,pending,
vr.wm-vrt-001,WM-VRT-001,Digital Twin,standalone-mm,internal-desired,candidate,NAV.INF.VRT.TWN,,,,2,62,Useful domain context after Wave 0/1 reference foundations,0.65,0.65,0.52,0.66,0.72,0.02,0.09,pending,"ISO 23247; это *отношение синхронизации*, не ещё одна вещь"
vr.wm-vrt-004,WM-VRT-004,Web Resource,standalone-mm,internal-desired,candidate,NAV.INF.VRT.WEB,,,,2,62,Useful domain context after Wave 0/1 reference foundations,0.65,0.65,0.52,0.66,0.72,0.02,0.09,pending,
vr.wm-vrt-002,WM-VRT-002,Virtual / Game World,standalone-mm,internal-desired,candidate,NAV.INF.VRT.WLD,,,,2,62,Useful domain context after Wave 0/1 reference foundations,0.65,0.65,0.52,0.66,0.72,0.02,0.09,pending,
vr.wm-eco-011,WM-ECO-011,Economic Asset view,view-candidate,internal-desired,candidate,NAV.SOC.ECO.AST,B11,,,2,62,Useful domain context after Wave 0/1 reference foundations,0.65,0.65,0.52,0.66,0.72,0.02,0.09,pending,"view, осторожно"
vr.wm-eco-014,WM-ECO-014,Sustainability Claim / PCF,standalone-mm,internal-desired,candidate,NAV.SOC.ECO.ESG,F6,,,2,62,Useful domain context after Wave 0/1 reference foundations,0.65,0.65,0.52,0.66,0.72,0.02,0.09,pending,"утверждение, не поток"
vr.wm-eco-003,WM-ECO-003,Insurance,standalone-mm,internal-desired,candidate,NAV.SOC.ECO.INS,C8,,,2,62,Useful domain context after Wave 0/1 reference foundations,0.65,0.65,0.52,0.66,0.72,0.02,0.09,pending,
vr.wm-eco-005,WM-ECO-005,Credit / Security,standalone-mm,internal-desired,candidate,NAV.SOC.ECO.INS2,F8,,,2,62,Useful domain context after Wave 0/1 reference foundations,0.65,0.65,0.52,0.66,0.72,0.02,0.09,pending,слишком склеено
vr.wm-eco-007,WM-ECO-007,Procurement,standalone-mm,internal-desired,candidate,NAV.SOC.ECO.PRC2,O7,,,2,62,Useful domain context after Wave 0/1 reference foundations,0.65,0.65,0.52,0.66,0.72,0.02,0.09,pending,
vr.wm-eco-010,WM-ECO-010,Clearing / Settlement,standalone-mm,internal-desired,candidate,NAV.SOC.ECO.STL,R2,,,2,62,Useful domain context after Wave 0/1 reference foundations,0.65,0.65,0.52,0.66,0.72,0.02,0.09,pending,
vr.wm-eco-013,WM-ECO-013,Crypto / Token,standalone-mm,internal-desired,candidate,NAV.SOC.ECO.TOK,,,,2,62,Useful domain context after Wave 0/1 reference foundations,0.65,0.65,0.52,0.66,0.72,0.02,0.09,pending,не смешивать с F2
vr.wm-org-007,WM-ORG-007,Mandate / Charter,standalone-mm,internal-desired,candidate,NAV.SOC.ORG.MND,O4,,,2,62,Useful domain context after Wave 0/1 reference foundations,0.65,0.65,0.52,0.66,0.72,0.02,0.09,pending,
vr.wm-org-009,WM-ORG-009,Public Office,standalone-mm,internal-desired,candidate,NAV.SOC.ORG.OFF,A11,,,2,62,Useful domain context after Wave 0/1 reference foundations,0.65,0.65,0.52,0.66,0.72,0.02,0.09,pending,специализация Position
vr.wm-org-008,WM-ORG-008,Vacancy / Matching,standalone-mm,internal-desired,candidate,NAV.SOC.ORG.VAC,O6,,,2,62,Useful domain context after Wave 0/1 reference foundations,0.65,0.65,0.52,0.66,0.72,0.02,0.09,pending,
vr.wm-per-006,WM-PER-006,Life Event / Civil Status,standalone-mm,internal-desired,candidate,NAV.SOC.PER.CIV,B12,,,2,62,Useful domain context after Wave 0/1 reference foundations,0.65,0.65,0.52,0.66,0.72,0.02,0.09,pending,
vr.wm-per-002,WM-PER-002,Digital Identity / Account,standalone-mm,internal-desired,candidate,NAV.SOC.PER.DIG,R4,,,2,62,Useful domain context after Wave 0/1 reference foundations,0.65,0.65,0.52,0.66,0.72,0.02,0.09,pending,"не регистр, а субъект"
vr.wm-per-005,WM-PER-005,Population Group,standalone-mm,internal-desired,candidate,NAV.SOC.PER.GRP,H3,,,2,62,Useful domain context after Wave 0/1 reference foundations,0.65,0.65,0.52,0.66,0.72,0.02,0.09,pending,
vr.wm-per-004,WM-PER-004,Household / Family,standalone-mm,internal-desired,candidate,NAV.SOC.PER.HH,H2,,,2,62,Useful domain context after Wave 0/1 reference foundations,0.65,0.65,0.52,0.66,0.72,0.02,0.09,pending,
vr.wm-per-009,WM-PER-009,Skill / Competency,standalone-mm,internal-desired,candidate,NAV.SOC.PER.SKL,K1,,,2,62,Useful domain context after Wave 0/1 reference foundations,0.65,0.65,0.52,0.66,0.72,0.02,0.09,pending,способность человека ≠ функция системы
vr.wm-pol-014,WM-POL-014,Rights / Entitlements,standalone-mm,internal-desired,candidate,NAV.SOC.POL,S1 + LADM,,,2,62,Useful domain context after Wave 0/1 reference foundations,0.65,0.65,0.52,0.66,0.72,0.02,0.09,pending,лучше mixin + ссылка
vr.wm-pol-006,WM-POL-006,Border / Customs / Migration,standalone-mm,internal-desired,candidate,NAV.SOC.POL.BRD,A16,,,2,62,Useful domain context after Wave 0/1 reference foundations,0.65,0.65,0.52,0.66,0.72,0.02,0.09,pending,слишком склеено
vr.wm-pol-007,WM-POL-007,Defense Force,standalone-mm,internal-desired,candidate,NAV.SOC.POL.DEF,A17,,,2,62,Useful domain context after Wave 0/1 reference foundations,0.65,0.65,0.52,0.66,0.72,0.02,0.09,pending,placeholder; не углублять рано
vr.wm-pol-003,WM-POL-003,Election,standalone-mm,internal-desired,candidate,NAV.SOC.POL.ELC,A13,,,2,62,Useful domain context after Wave 0/1 reference foundations,0.65,0.65,0.52,0.66,0.72,0.02,0.09,pending,
vr.wm-pol-010,WM-POL-010,Dispute Forum,standalone-mm,internal-desired,candidate,NAV.SOC.POL.FOR,A19,,,2,62,Useful domain context after Wave 0/1 reference foundations,0.65,0.65,0.52,0.66,0.72,0.02,0.09,pending,
vr.wm-pol-002,WM-POL-002,Lawmaking Process,standalone-mm,internal-desired,candidate,NAV.SOC.POL.LEG,A10,,,2,62,Useful domain context after Wave 0/1 reference foundations,0.65,0.65,0.52,0.66,0.72,0.02,0.09,pending,"процесс, не норма"
vr.wm-pol-008,WM-POL-008,Offense / Investigation,standalone-mm,internal-desired,candidate,NAV.SOC.POL.OFF,A18,,,2,62,Useful domain context after Wave 0/1 reference foundations,0.65,0.65,0.52,0.66,0.72,0.02,0.09,pending,
vr.wm-pol-012,WM-POL-012,Public Benefit / Program,standalone-mm,internal-desired,candidate,NAV.SOC.POL.PRG,B13,,,2,62,Useful domain context after Wave 0/1 reference foundations,0.65,0.65,0.52,0.66,0.72,0.02,0.09,pending,
vr.wm-pol-013,WM-POL-013,Registry Mandate,standalone-mm,internal-desired,candidate,NAV.SOC.POL.RGY,A12,,,2,62,Useful domain context after Wave 0/1 reference foundations,0.65,0.65,0.52,0.66,0.72,0.02,0.09,pending,
vr.wm-pol-005,WM-POL-005,Treaty,standalone-mm,internal-desired,candidate,NAV.SOC.POL.TRY,A15,,,2,62,Useful domain context after Wave 0/1 reference foundations,0.65,0.65,0.52,0.66,0.72,0.02,0.09,pending,
vr.wm-blt-005,WM-BLT-005,Civil Works,standalone-mm,internal-desired,candidate,NAV.PHY.BLT.CIV,U1 слишком широкий,,,2,57,Physical context with digital records; actuation is not required,0.58,0.64,0.53,0.70,0.68,0.12,0.08,pending,
vr.wm-blt-003,WM-BLT-003,Infrastructure Network,standalone-mm,internal-desired,candidate,NAV.PHY.BLT.NET,U3,,,2,57,Physical context with digital records; actuation is not required,0.58,0.64,0.53,0.70,0.68,0.12,0.08,pending,
vr.wm-blt-002,WM-BLT-002,Premises / Spatial Unit,standalone-mm,internal-desired,candidate,NAV.PHY.BLT.UNT,U2,,,2,57,Physical context with digital records; actuation is not required,0.58,0.64,0.53,0.70,0.68,0.12,0.08,pending,
vr.wm-blt-004,WM-BLT-004,Utility Service Point,standalone-mm,internal-desired,candidate,NAV.PHY.BLT.UTL,U5,,,2,57,Physical context with digital records; actuation is not required,0.58,0.64,0.53,0.70,0.68,0.12,0.08,pending,
vr.wm-blt-007,WM-BLT-007,Construction Work,standalone-mm,internal-desired,candidate,NAV.PHY.BLT.WRK,U6,,,2,57,Physical context with digital records; actuation is not required,0.58,0.64,0.53,0.70,0.68,0.12,0.08,pending,
vr.wm-flw-006,WM-FLW-006,Emission,standalone-mm,internal-desired,candidate,NAV.PHY.FLW.EMS,F6,,,2,57,Physical context with digital records; actuation is not required,0.58,0.64,0.53,0.70,0.68,0.12,0.08,pending,
vr.wm-flw-001,WM-FLW-001,Energy,standalone-mm,internal-desired,candidate,NAV.PHY.FLW.EN,F1,,,2,57,Physical context with digital records; actuation is not required,0.58,0.64,0.53,0.70,0.68,0.12,0.08,pending,
vr.wm-flw-003,WM-FLW-003,Food Supply Chain,standalone-mm,internal-desired,candidate,NAV.PHY.FLW.FOOD,F4,,,2,57,Physical context with digital records; actuation is not required,0.58,0.64,0.53,0.70,0.68,0.12,0.08,pending,
vr.wm-flw-002,WM-FLW-002,Water Supply,standalone-mm,internal-desired,candidate,NAV.PHY.FLW.H2O,F4,,,2,57,Physical context with digital records; actuation is not required,0.58,0.64,0.53,0.70,0.68,0.12,0.08,pending,
vr.wm-flw-008,WM-FLW-008,Mass-balance / Material Flow,standalone-mm,internal-desired,candidate,NAV.PHY.FLW.MAT,,,,2,57,Physical context with digital records; actuation is not required,0.58,0.64,0.53,0.70,0.68,0.12,0.08,pending,
vr.wm-flw-007,WM-FLW-007,Passenger Mobility,standalone-mm,internal-desired,candidate,NAV.PHY.FLW.MOB,F7,,,2,57,Physical context with digital records; actuation is not required,0.58,0.64,0.53,0.70,0.68,0.12,0.08,pending,
vr.wm-flw-005,WM-FLW-005,Waste / Circular,standalone-mm,internal-desired,candidate,NAV.PHY.FLW.WST,F5,,,2,57,Physical context with digital records; actuation is not required,0.58,0.64,0.53,0.70,0.68,0.12,0.08,pending,
vr.wm-mat-001,WM-MAT-001,Chemical Substance,standalone-mm,internal-desired,candidate,NAV.PHY.MAT.CHEM,M1,,,2,57,Physical context with digital records; actuation is not required,0.58,0.64,0.53,0.70,0.68,0.12,0.08,pending,"сущность вещества, не «всё материя»"
vr.wm-mat-003,WM-MAT-003,Mixture / Formulation,standalone-mm,internal-desired,candidate,NAV.PHY.MAT.CHEM,,,,2,57,Physical context with digital records; actuation is not required,0.58,0.64,0.53,0.70,0.68,0.12,0.08,pending,"рецептура, не чистое вещество"
vr.wm-mat-002,WM-MAT-002,Engineered Material,standalone-mm,internal-desired,candidate,NAV.PHY.MAT.ENGR,M1,,,2,57,Physical context with digital records; actuation is not required,0.58,0.64,0.53,0.70,0.68,0.12,0.08,pending,"марка стали, полимер, композит"
vr.wm-mat-006,WM-MAT-006,Hazardous-material profile,standalone-mm,internal-desired,candidate,NAV.PHY.MAT.HAZ,mixin,,,2,57,Physical context with digital records; actuation is not required,0.58,0.64,0.53,0.70,0.68,0.12,0.08,pending,GHS; не домен
vr.wm-mat-004,WM-MAT-004,Material Batch / Lot,standalone-mm,internal-desired,candidate,NAV.PHY.MAT.SAM,,,,2,57,Physical context with digital records; actuation is not required,0.58,0.64,0.53,0.70,0.68,0.12,0.08,pending,партия вещества
vr.wm-mat-005,WM-MAT-005,Lab Sample / Specimen,standalone-mm,internal-desired,candidate,NAV.PHY.MAT.SAM,,,,2,57,Physical context with digital records; actuation is not required,0.58,0.64,0.53,0.70,0.68,0.12,0.08,pending,проба с chain-of-custody
vr.wm-obj-012,WM-OBJ-012,Assembly Instance / As-built BOM,standalone-mm,internal-desired,candidate,NAV.PHY.OBJ.ASM,,,,2,57,Physical context with digital records; actuation is not required,0.58,0.64,0.53,0.70,0.68,0.12,0.08,pending,экземпляр состава
vr.wm-obj-013,WM-OBJ-013,Controlled Item,standalone-mm,internal-desired,candidate,NAV.PHY.OBJ.CON,,,,2,57,Physical context with digital records; actuation is not required,0.58,0.64,0.53,0.70,0.68,0.12,0.08,pending,"оружие, прекурсоры, экспортный контроль"
vr.wm-obj-015,WM-OBJ-015,Consumable / Supply,standalone-mm,internal-desired,candidate,NAV.PHY.OBJ.CSV,,,,2,57,Physical context with digital records; actuation is not required,0.58,0.64,0.53,0.70,0.68,0.12,0.08,pending,
vr.wm-obj-008,WM-OBJ-008,Device / Sensor / Compute HW,standalone-mm,internal-desired,candidate,NAV.PHY.OBJ.DEV,M8,,,2,57,Physical context with digital records; actuation is not required,0.58,0.64,0.53,0.70,0.68,0.12,0.08,pending,
vr.wm-obj-005,WM-OBJ-005,Medicinal Product,standalone-mm,internal-desired,candidate,NAV.PHY.OBJ.DRUG,M5,,,2,57,Physical context with digital records; actuation is not required,0.58,0.64,0.53,0.70,0.68,0.12,0.08,pending,"ЛП, не молекула"
vr.wm-obj-006,WM-OBJ-006,Equipment / Machinery,standalone-mm,internal-desired,candidate,NAV.PHY.OBJ.EQPT,M6,,,2,57,Physical context with digital records; actuation is not required,0.58,0.64,0.53,0.70,0.68,0.12,0.08,pending,
vr.wm-obj-004,WM-OBJ-004,Food Product,standalone-mm,internal-desired,candidate,NAV.PHY.OBJ.FOOD,M4,,,2,57,Physical context with digital records; actuation is not required,0.58,0.64,0.53,0.70,0.68,0.12,0.08,pending,пищевой продукт + безопасность
vr.wm-obj-014,WM-OBJ-014,Furniture / Fixture,standalone-mm,internal-desired,candidate,NAV.PHY.OBJ.FUR,,,,2,57,Physical context with digital records; actuation is not required,0.58,0.64,0.53,0.70,0.68,0.12,0.08,pending,слабее; кандидат на subtype OBJ-002 [неопределённо]
vr.wm-obj-016,WM-OBJ-016,Cultural Artifact,standalone-mm,internal-desired,candidate,NAV.PHY.OBJ.HER,M9,,,2,57,Physical context with digital records; actuation is not required,0.58,0.64,0.53,0.70,0.68,0.12,0.08,pending,физическая вещь; права — отдельно
vr.wm-obj-009,WM-OBJ-009,Packaging / Returnable Asset,standalone-mm,internal-desired,candidate,NAV.PHY.OBJ.PKG,,,,2,57,Physical context with digital records; actuation is not required,0.58,0.64,0.53,0.70,0.68,0.12,0.08,pending,"поддон, контейнер, кега"
vr.wm-obj-011,WM-OBJ-011,Spare Part,standalone-mm,internal-desired,candidate,NAV.PHY.OBJ.PRT,,,,2,57,Physical context with digital records; actuation is not required,0.58,0.64,0.53,0.70,0.68,0.12,0.08,pending,связь с оборудованием обязательна
vr.wm-obj-010,WM-OBJ-010,Textile / Apparel / PPE,standalone-mm,internal-desired,candidate,NAV.PHY.OBJ.TEX,,,,2,57,Physical context with digital records; actuation is not required,0.58,0.64,0.53,0.70,0.68,0.12,0.08,pending,не «ещё один product type» — регулируется отдельно
vr.wm-obj-003,WM-OBJ-003,Tradable Offer / Commodity view,view-candidate,internal-desired,candidate,NAV.PHY.OBJ.TYPE,M3,,,2,57,Physical context with digital records; actuation is not required,0.58,0.64,0.53,0.70,0.68,0.12,0.08,pending,рыночный аспект; часто view
vr.wm-plc-008,WM-PLC-008,Airspace,standalone-mm,internal-desired,candidate,NAV.PHY.PLC.AIR,,,,2,57,Physical context with digital records; actuation is not required,0.58,0.64,0.53,0.70,0.68,0.12,0.08,pending,
vr.wm-plc-010,WM-PLC-010,Gazetteer Place,standalone-mm,internal-desired,candidate,NAV.PHY.PLC.GAZ,,,,2,57,Physical context with digital records; actuation is not required,0.58,0.64,0.53,0.70,0.68,0.12,0.08,pending,
vr.wm-plc-009,WM-PLC-009,Indoor Space,standalone-mm,internal-desired,candidate,NAV.PHY.PLC.IND,+ IndoorGML,,,2,57,Physical context with digital records; actuation is not required,0.58,0.64,0.53,0.70,0.68,0.12,0.08,pending,
vr.wm-plc-007,WM-PLC-007,Maritime Zone,standalone-mm,internal-desired,candidate,NAV.PHY.PLC.MAR,,,,2,57,Physical context with digital records; actuation is not required,0.58,0.64,0.53,0.70,0.68,0.12,0.08,pending,
vr.wm-plc-006,WM-PLC-006,Point of Interest,standalone-mm,internal-desired,candidate,NAV.PHY.PLC.POI,U7,,,2,57,Physical context with digital records; actuation is not required,0.58,0.64,0.53,0.70,0.68,0.12,0.08,pending,
vr.wm-plc-001,WM-PLC-001,Terrain / Landform,standalone-mm,internal-desired,candidate,NAV.PHY.PLC.REL,P1,,,2,57,Physical context with digital records; actuation is not required,0.58,0.64,0.53,0.70,0.68,0.12,0.08,pending,
vr.wm-plc-005,WM-PLC-005,Settlement / Urban Form,standalone-mm,internal-desired,candidate,NAV.PHY.PLC.SET,U4,,,2,57,Physical context with digital records; actuation is not required,0.58,0.64,0.53,0.70,0.68,0.12,0.08,pending,
vr.wm-plc-003,WM-PLC-003,Water Body,standalone-mm,internal-desired,candidate,NAV.PHY.PLC.WAT,P3,,,2,57,Physical context with digital records; actuation is not required,0.58,0.64,0.53,0.70,0.68,0.12,0.08,pending,
vr.wm-ear-007,WM-EAR-007,Air Quality,standalone-mm,internal-desired,candidate,NAV.PHY.EAR.AIRQ,,,,3,41,Broad world coverage; lower near-term agent demand or weaker digital availability,0.38,0.48,0.34,0.60,0.55,0.18,0.08,pending,
vr.wm-ear-008,WM-EAR-008,Biodiversity Occurrence,standalone-mm,internal-desired,candidate,NAV.PHY.EAR.BIO,+ DwC,,,3,41,Broad world coverage; lower near-term agent demand or weaker digital availability,0.38,0.48,0.34,0.60,0.55,0.18,0.08,pending,
vr.wm-ear-002,WM-EAR-002,Climate,standalone-mm,internal-desired,candidate,NAV.PHY.EAR.CLI,P4,,,3,41,Broad world coverage; lower near-term agent demand or weaker digital availability,0.38,0.48,0.34,0.60,0.55,0.18,0.08,pending,
vr.wm-ear-006,WM-EAR-006,Cryosphere,standalone-mm,internal-desired,candidate,NAV.PHY.EAR.CRY,,,,3,41,Broad world coverage; lower near-term agent demand or weaker digital availability,0.38,0.48,0.34,0.60,0.55,0.18,0.08,pending,
vr.wm-ear-004,WM-EAR-004,Geology / Mineral Resource,standalone-mm,internal-desired,candidate,NAV.PHY.EAR.GEO,P5,,,3,41,Broad world coverage; lower near-term agent demand or weaker digital availability,0.38,0.48,0.34,0.60,0.55,0.18,0.08,pending,
vr.wm-ear-005,WM-EAR-005,Natural Hazard,standalone-mm,internal-desired,candidate,NAV.PHY.EAR.HAZ,P9,,,3,41,Broad world coverage; lower near-term agent demand or weaker digital availability,0.38,0.48,0.34,0.60,0.55,0.18,0.08,pending,
vr.wm-ear-009,WM-EAR-009,EO Product,standalone-mm,internal-desired,candidate,NAV.PHY.EAR.OBS,пересечение с датасетом,,,3,41,Broad world coverage; lower near-term agent demand or weaker digital availability,0.38,0.48,0.34,0.60,0.55,0.18,0.08,pending,
vr.wm-ear-003,WM-EAR-003,Soil,standalone-mm,internal-desired,candidate,NAV.PHY.EAR.SOI,P10,,,3,41,Broad world coverage; lower near-term agent demand or weaker digital availability,0.38,0.48,0.34,0.60,0.55,0.18,0.08,pending,
vr.wm-ear-001,WM-EAR-001,Weather,standalone-mm,internal-desired,candidate,NAV.PHY.EAR.WTH,P4,,,3,41,Broad world coverage; lower near-term agent demand or weaker digital availability,0.38,0.48,0.34,0.60,0.55,0.18,0.08,pending,
vr.wm-liv-009,WM-LIV-009,Cultivated Organism,standalone-mm,internal-desired,candidate,NAV.PHY.LIV.CUL,"K9 экземпляр, не операция",,,3,41,Broad world coverage; lower near-term agent demand or weaker digital availability,0.38,0.48,0.34,0.60,0.55,0.18,0.08,pending,
vr.wm-liv-006,WM-LIV-006,Ecosystem / Biome,standalone-mm,internal-desired,candidate,NAV.PHY.LIV.ECO,P8,,,3,41,Broad world coverage; lower near-term agent demand or weaker digital availability,0.38,0.48,0.34,0.60,0.55,0.18,0.08,pending,
vr.wm-liv-008,WM-LIV-008,Genetic Resource,standalone-mm,internal-desired,candidate,NAV.PHY.LIV.GEN,,,,3,41,Broad world coverage; lower near-term agent demand or weaker digital availability,0.38,0.48,0.34,0.60,0.55,0.18,0.08,pending,
vr.wm-liv-010,WM-LIV-010,Habitat,standalone-mm,internal-desired,candidate,NAV.PHY.LIV.HAB,,,,3,41,Broad world coverage; lower near-term agent demand or weaker digital availability,0.38,0.48,0.34,0.60,0.55,0.18,0.08,pending,
vr.wm-liv-007,WM-LIV-007,Microorganism / Pathogen,standalone-mm,internal-desired,candidate,NAV.PHY.LIV.MIC,,,,3,41,Broad world coverage; lower near-term agent demand or weaker digital availability,0.38,0.48,0.34,0.60,0.55,0.18,0.08,pending,
vr.wm-liv-002,WM-LIV-002,Organism Individual,standalone-mm,internal-desired,candidate,NAV.PHY.LIV.ORG,,,,3,41,Broad world coverage; lower near-term agent demand or weaker digital availability,0.38,0.48,0.34,0.60,0.55,0.18,0.08,pending,
vr.wm-liv-003,WM-LIV-003,Population,standalone-mm,internal-desired,candidate,NAV.PHY.LIV.POP,P6/P7,,,3,41,Broad world coverage; lower near-term agent demand or weaker digital availability,0.38,0.48,0.34,0.60,0.55,0.18,0.08,pending,
vr.wm-liv-004,WM-LIV-004,Vegetation Cover,standalone-mm,internal-desired,candidate,NAV.PHY.LIV.VEG,P6,,,3,41,Broad world coverage; lower near-term agent demand or weaker digital availability,0.38,0.48,0.34,0.60,0.55,0.18,0.08,pending,
vr.wm-liv-005,WM-LIV-005,Wildlife,standalone-mm,internal-desired,candidate,NAV.PHY.LIV.WLD,P7,,,3,41,Broad world coverage; lower near-term agent demand or weaker digital availability,0.38,0.48,0.34,0.60,0.55,0.18,0.08,pending,
vr.wm-spc-002,WM-SPC-002,Celestial Body,standalone-mm,internal-desired,candidate,NAV.PHY.SPC.BDY,+ низкий приоритет,,,3,41,Broad world coverage; lower near-term agent demand or weaker digital availability,0.38,0.48,0.34,0.60,0.55,0.18,0.08,pending,
vr.wm-spc-001,WM-SPC-001,Space Object / Orbit,standalone-mm,internal-desired,candidate,NAV.PHY.SPC.OBJ,P11,,,3,41,Broad world coverage; lower near-term agent demand or weaker digital availability,0.38,0.48,0.34,0.60,0.55,0.18,0.08,pending,
vr.wm-civ-004,WM-CIV-004,Public Discourse,standalone-mm,internal-desired,candidate,NAV.SOC.CIV.DSC,D8,,,3,41,Broad world coverage; lower near-term agent demand or weaker digital availability,0.38,0.48,0.34,0.60,0.55,0.18,0.08,pending,
vr.wm-civ-005,WM-CIV-005,Social Norm,standalone-mm,internal-desired,candidate,NAV.SOC.CIV.NRM,D9,,,3,41,Broad world coverage; lower near-term agent demand or weaker digital availability,0.38,0.48,0.34,0.60,0.55,0.18,0.08,pending,слабо формализуемо
vr.wm-civ-007,WM-CIV-007,News Item,standalone-mm,internal-desired,candidate,NAV.SOC.CIV.NWS,,,,3,41,Broad world coverage; lower near-term agent demand or weaker digital availability,0.38,0.48,0.34,0.60,0.55,0.18,0.08,pending,
vr.wm-civ-002,WM-CIV-002,Religion Institution,standalone-mm,internal-desired,candidate,NAV.SOC.CIV.REL,D6,,,3,41,Broad world coverage; lower near-term agent demand or weaker digital availability,0.38,0.48,0.34,0.60,0.55,0.18,0.08,pending,
vr.wm-civ-006,WM-CIV-006,Science System,standalone-mm,internal-desired,candidate,NAV.SOC.CIV.SCI,MOS D2,,,3,41,Broad world coverage; lower near-term agent demand or weaker digital availability,0.38,0.48,0.34,0.60,0.55,0.18,0.08,pending,
vr.wm-civ-001,WM-CIV-001,Sport,standalone-mm,internal-desired,candidate,NAV.SOC.CIV.SPT,D5,,,3,41,Broad world coverage; lower near-term agent demand or weaker digital availability,0.38,0.48,0.34,0.60,0.55,0.18,0.08,pending,
vr.wm-civ-003,WM-CIV-003,Tourism,view-candidate,internal-desired,candidate,NAV.SOC.CIV.TOU,D7,,,3,41,Broad world coverage; lower near-term agent demand or weaker digital availability,0.38,0.48,0.34,0.60,0.55,0.18,0.08,pending,часто view над Place+Service
