sequence,model_id,name,claude_status,grok_status,synthesis_status,validation_status,bundles,layers,findings,questions,artifacts,functions
1,WM-XCT-011,Identifier Scheme,complete,complete,reviewable-draft,valid,6,20,29,130,27,14
2,WM-XCT-012,Provenance,complete,complete,reviewable-draft,valid,6,14,33,123,28,14
3,WM-XCT-009,Time / Calendar,complete,complete,reviewable-draft,valid,7,20,20,111,27,13
4,WM-XCT-021,Lifecycle / Status,complete,complete,reviewable-draft,valid,5,12,32,128,26,17
5,WM-XCT-022,Version / Change History,complete,complete,reviewable-draft,valid,6,12,26,119,24,21
6,WM-XCT-001,Ownership / Stewardship,complete,complete,reviewable-draft,valid,6,15,31,120,28,16
7,WM-XCT-002,Access Contract / Consent,complete,complete,reviewable-draft,valid,6,16,29,113,24,13
8,WM-XCT-020,Classification Binding,complete,complete,reviewable-draft,valid,6,14,32,112,17,16
9,WM-XCT-008,Quantity / Unit,complete,complete,reviewable-draft,valid,7,16,29,105,15,14
10,WM-XCT-010,Location Referencing / Address,complete,complete,reviewable-draft,valid,6,16,28,128,22,15
11,WM-XCT-023,Party Role,complete,complete,reviewable-draft,valid,7,16,31,119,24,12
12,WM-XCT-028,Evidence / Rationale,complete,complete,reviewable-draft,valid,6,14,33,157,23,15
13,WM-XCT-026,Quality / Confidence,complete,complete,reviewable-draft,valid,6,14,27,112,18,18
14,WM-XCT-029,Obligation / Commitment,complete,complete,reviewable-draft,valid,6,16,29,123,25,13
15,WM-PER-001,Person,complete,complete,reviewable-draft,valid,7,14,29,103,31,14
16,WM-ORG-001,Organization,complete,complete,reviewable-draft,valid,6,13,33,128,24,11
17,WM-ORG-010,Legal Entity Registration,complete,complete,reviewable-draft,valid,7,15,29,118,21,12
18,WM-ORG-002,Organizational Unit,complete,complete,reviewable-draft,valid,6,13,28,106,17,14
19,WM-ORG-004,Position,complete,complete,reviewable-draft,valid,6,13,30,117,26,13
20,WM-ORG-003,Team,complete,complete,reviewable-draft,valid,6,13,31,127,23,16
21,WM-ORG-016,Work Assignment,complete,complete,reviewable-draft,valid,6,13,28,115,18,13
22,WM-OBJ-002,Product Type / Catalog Item,complete,complete,reviewable-draft,valid,7,14,30,120,17,14
23,WM-OBJ-001,Physical Item Instance,complete,complete,reviewable-draft,valid,6,13,31,115,29,18
24,WM-PLC-010,Gazetteer Place,complete,complete,reviewable-draft,valid,6,16,27,111,19,17
25,WM-BLT-008,Site / Campus,complete,complete,reviewable-draft,valid,6,13,27,115,40,15
26,WM-BLT-006,Facility,complete,complete,reviewable-draft,valid,6,13,31,121,30,13
27,WM-REC-001,Document / Record,complete,complete,reviewable-draft,valid,6,13,29,108,27,18
28,WM-REC-007,Form / Submission,complete,complete,reviewable-draft,valid,7,16,29,117,27,17
29,WM-REC-009,Application / Request Record,complete,complete,reviewable-draft,valid,6,14,32,130,25,13
30,WM-REC-010,Decision / Approval Record,complete,complete,reviewable-draft,valid,7,13,32,137,23,15
31,WM-REC-003,Message,complete,complete,reviewable-draft,valid,6,15,27,111,16,16
32,WM-DAT-001,Dataset,complete,complete,reviewable-draft,valid,7,15,27,117,27,15
33,WM-DAT-004,Data Schema / Data Contract,complete,complete,reviewable-draft,valid,6,16,31,126,28,11
34,WM-ACT-015,Occurrence / Event,complete,complete,reviewable-draft,valid,7,14,28,105,12,15
35,WM-ACT-005,Project,complete,complete,reviewable-draft,valid,6,14,30,122,29,14
36,WM-ACT-006,Task,complete,complete,reviewable-draft,valid,6,13,30,104,18,12
37,WM-ACT-008,Plan / Schedule,complete,complete,reviewable-draft,valid,6,13,32,130,31,13
38,WM-ECO-006,Commercial Contract,complete,complete,reviewable-draft,valid,6,13,30,115,19,17
39,WM-ECO-019,Purchase Order,complete,complete,reviewable-draft,valid,6,14,27,102,18,15
40,WM-ECO-008,Invoice / Commercial Document,complete,complete,reviewable-draft,valid,6,15,28,113,30,14
41,WM-ECO-009,Payment,complete,complete,reviewable-draft,valid,6,13,35,124,37,14
42,WM-ECO-016,Financial Transaction / Journal Entry,complete,complete,reviewable-draft,valid,6,13,28,102,21,15
43,WM-SFT-001,Software Product,complete,complete,reviewable-draft,valid,7,14,30,107,30,15
44,WM-SFT-007,Software Component / Package,complete,complete,reviewable-draft,valid,6,13,29,117,27,12
45,WM-AI-001,AI System,complete,complete,reviewable-draft,valid,6,16,29,113,29,15
46,WM-SFT-004,ML Model Artifact,complete,complete,reviewable-draft,valid,6,12,28,116,24,13
47,WM-AI-002,AI Agent,complete,complete,reviewable-draft,valid,6,15,32,126,31,12
48,WM-AI-005,Prompt / Agent Configuration,complete,complete,reviewable-draft,valid,7,15,32,118,29,12
49,WM-AI-004,AI Inference / Agent Run,complete,complete,reviewable-draft,valid,7,15,30,115,20,11
50,WM-AI-003,AI Model Evaluation,complete,complete,reviewable-draft,valid,5,13,28,112,30,16
51,WM-ECO-004,Money / Instrument,complete,complete,reviewable-draft,valid,6,14,28,111,21,10
52,WM-XCT-003,Projection / Disclosure Policy,queued,queued,blocked-on-providers,not-valid-or-not-run,,,,,,
53,WM-XCT-013,Registry Pattern,queued,queued,blocked-on-providers,not-valid-or-not-run,,,,,,
54,WM-ACT-024,Decision / Approval Activity,queued,queued,blocked-on-providers,not-valid-or-not-run,,,,,,
55,WM-ACT-025,Meeting / Session,queued,queued,blocked-on-providers,not-valid-or-not-run,,,,,,
56,WM-ACT-027,Communication Interaction,queued,queued,blocked-on-providers,not-valid-or-not-run,,,,,,
57,WM-ACT-031,Milestone / Deliverable,queued,queued,blocked-on-providers,not-valid-or-not-run,,,,,,
58,WM-ACT-032,Change Request,queued,queued,blocked-on-providers,not-valid-or-not-run,,,,,,
59,WM-ACT-033,Review / Inspection / Audit,queued,queued,blocked-on-providers,not-valid-or-not-run,,,,,,
60,WM-ACT-034,Assessment / Evaluation,queued,queued,blocked-on-providers,not-valid-or-not-run,,,,,,
61,WM-ACT-042,Incident Response,queued,queued,blocked-on-providers,not-valid-or-not-run,,,,,,
62,WM-AI-008,AI Safety / Governance Assessment,queued,queued,blocked-on-providers,not-valid-or-not-run,,,,,,
63,WM-DAT-006,Data Lineage,queued,queued,blocked-on-providers,not-valid-or-not-run,,,,,,
64,WM-ECO-015,Financial Account,queued,queued,blocked-on-providers,not-valid-or-not-run,,,,,,
65,WM-ECO-020,Sales Order,queued,queued,blocked-on-providers,not-valid-or-not-run,,,,,,
66,WM-KNW-006,Concept / Term,queued,queued,blocked-on-providers,not-valid-or-not-run,,,,,,
67,WM-KNW-007,Claim / Proposition,queued,queued,blocked-on-providers,not-valid-or-not-run,,,,,,
68,WM-KNW-008,Evidence / Citation,queued,queued,blocked-on-providers,not-valid-or-not-run,,,,,,
69,WM-KNW-010,Decision / Rationale,queued,queued,blocked-on-providers,not-valid-or-not-run,,,,,,
70,WM-KNW-011,Goal / Objective,queued,queued,blocked-on-providers,not-valid-or-not-run,,,,,,
71,WM-KNW-012,Policy / Rule,queued,queued,blocked-on-providers,not-valid-or-not-run,,,,,,
72,WM-KNW-014,Issue / Problem,queued,queued,blocked-on-providers,not-valid-or-not-run,,,,,,
73,WM-KNW-015,Risk / Opportunity,queued,queued,blocked-on-providers,not-valid-or-not-run,,,,,,
74,WM-MAT-008,Observation / Measurement Record,queued,queued,blocked-on-providers,not-valid-or-not-run,,,,,,
75,WM-PER-010,Contact Point / Party Profile,queued,queued,blocked-on-providers,not-valid-or-not-run,,,,,,
76,WM-POL-015,Jurisdiction,queued,queued,blocked-on-providers,not-valid-or-not-run,,,,,,
77,WM-SFT-008,Build / Release,queued,queued,blocked-on-providers,not-valid-or-not-run,,,,,,
78,WM-SFT-009,Deployment,queued,queued,blocked-on-providers,not-valid-or-not-run,,,,,,
79,WM-SFT-012,SBOM / Supply-chain Manifest,queued,queued,blocked-on-providers,not-valid-or-not-run,,,,,,
80,WM-SFT-014,Defect / Bug,queued,queued,blocked-on-providers,not-valid-or-not-run,,,,,,
81,WM-SFT-015,Test Case / Test Result,queued,queued,blocked-on-providers,not-valid-or-not-run,,,,,,
82,WM-XCT-024,Contact Point,queued,queued,blocked-on-providers,not-valid-or-not-run,,,,,,
83,WM-XCT-025,Observable Result Fields,queued,queued,blocked-on-providers,not-valid-or-not-run,,,,,,
84,WM-XCT-027,Risk / Control,queued,queued,blocked-on-providers,not-valid-or-not-run,,,,,,
85,WM-XCT-031,Localization / Language,queued,queued,blocked-on-providers,not-valid-or-not-run,,,,,,
86,WM-XCT-032,Currency / Monetary Value,queued,queued,blocked-on-providers,not-valid-or-not-run,,,,,,
87,WM-XCT-033,Geometry / Coordinate Reference,queued,queued,blocked-on-providers,not-valid-or-not-run,,,,,,
88,WM-XCT-034,Digital Signature / Proof,queued,queued,blocked-on-providers,not-valid-or-not-run,,,,,,
89,WM-XCT-036,Alias / Same-as Mapping,queued,queued,blocked-on-providers,not-valid-or-not-run,,,,,,
90,WM-XCT-037,Dependency / Impact,queued,queued,blocked-on-providers,not-valid-or-not-run,,,,,,
91,WM-ACT-007,Work Order,queued,queued,blocked-on-providers,not-valid-or-not-run,,,,,,
92,WM-ACT-014,Health Care Delivery,queued,queued,blocked-on-providers,not-valid-or-not-run,,,,,,
93,WM-ACT-020,Cyber Incident,queued,queued,blocked-on-providers,not-valid-or-not-run,,,,,,
94,WM-ACT-021,Service Case / Ticket,queued,queued,blocked-on-providers,not-valid-or-not-run,,,,,,
95,WM-ACT-023,Public Health / Epidemiology,queued,queued,blocked-on-providers,not-valid-or-not-run,,,,,,
96,WM-BLT-001,Building / Structure,queued,queued,blocked-on-providers,not-valid-or-not-run,,,,,,
97,WM-DAT-002,Official Statistics,queued,queued,blocked-on-providers,not-valid-or-not-run,,,,,,
98,WM-ECO-001,Market / Exchange,queued,queued,blocked-on-providers,not-valid-or-not-run,,,,,,
99,WM-ECO-002,Price / Valuation,queued,queued,blocked-on-providers,not-valid-or-not-run,,,,,,
100,WM-ECO-012,Budget,queued,queued,blocked-on-providers,not-valid-or-not-run,,,,,,
101,WM-FLW-004,Goods Movement / Logistics,queued,queued,blocked-on-providers,not-valid-or-not-run,,,,,,
102,WM-KNW-005,Agent Skill / Instruction,queued,queued,blocked-on-providers,not-valid-or-not-run,,,,,,
103,WM-LIV-001,Taxon,queued,queued,blocked-on-providers,not-valid-or-not-run,,,,,,
104,WM-OBJ-007,Vehicle,queued,queued,blocked-on-providers,not-valid-or-not-run,,,,,,
105,WM-ORG-005,Employment,queued,queued,blocked-on-providers,not-valid-or-not-run,,,,,,
106,WM-ORG-006,Membership,queued,queued,blocked-on-providers,not-valid-or-not-run,,,,,,
107,WM-PER-003,Non-human Agent,queued,queued,blocked-on-providers,not-valid-or-not-run,,,,,,
108,WM-PER-007,Personal Health,queued,queued,blocked-on-providers,not-valid-or-not-run,,,,,,
109,WM-PER-008,Education / Qualification,queued,queued,blocked-on-providers,not-valid-or-not-run,,,,,,
110,WM-PLC-002,Land Parcel,queued,queued,blocked-on-providers,not-valid-or-not-run,,,,,,
111,WM-PLC-004,Administrative Area,queued,queued,blocked-on-providers,not-valid-or-not-run,,,,,,
112,WM-POL-001,Legal Instrument / Norm,queued,queued,blocked-on-providers,not-valid-or-not-run,,,,,,
113,WM-POL-004,Permit / Authorization,queued,queued,blocked-on-providers,not-valid-or-not-run,,,,,,
114,WM-POL-009,Court / Arbitration Case,queued,queued,blocked-on-providers,not-valid-or-not-run,,,,,,
115,WM-POL-011,Tax Obligation / Assessment,queued,queued,blocked-on-providers,not-valid-or-not-run,,,,,,
116,WM-SFT-006,Vulnerability Record,queued,queued,blocked-on-providers,not-valid-or-not-run,,,,,,
117,WM-XCT-006,Verification / ZK Attestation,queued,queued,blocked-on-providers,not-valid-or-not-run,,,,,,
118,WM-XCT-016,Identity Register,queued,queued,blocked-on-providers,not-valid-or-not-run,,,,,,
119,WM-XCT-017,Attestation / Credential,queued,queued,blocked-on-providers,not-valid-or-not-run,,,,,,
120,WM-ACT-026,Appointment / Reservation Event,queued,queued,blocked-on-providers,not-valid-or-not-run,,,,,,
121,WM-ACT-028,Campaign,queued,queued,blocked-on-providers,not-valid-or-not-run,,,,,,
122,WM-ACT-029,Program / Portfolio,queued,queued,blocked-on-providers,not-valid-or-not-run,,,,,,
123,WM-ACT-030,Initiative,queued,queued,blocked-on-providers,not-valid-or-not-run,,,,,,
124,WM-ACT-035,Test Execution,queued,queued,blocked-on-providers,not-valid-or-not-run,,,,,,
125,WM-ACT-036,Research Study,queued,queued,blocked-on-providers,not-valid-or-not-run,,,,,,
126,WM-ACT-038,Learning Activity / Course Delivery,queued,queued,blocked-on-providers,not-valid-or-not-run,,,,,,
127,WM-ACT-039,Recruitment / Hiring Process,queued,queued,blocked-on-providers,not-valid-or-not-run,,,,,,
128,WM-ACT-040,Onboarding / Offboarding,queued,queued,blocked-on-providers,not-valid-or-not-run,,,,,,
129,WM-ACT-043,Business Continuity / Recovery,queued,queued,blocked-on-providers,not-valid-or-not-run,,,,,,
130,WM-ACT-044,Content Publication,queued,queued,blocked-on-providers,not-valid-or-not-run,,,,,,
131,WM-ACT-045,Insurance Claim Handling,queued,queued,blocked-on-providers,not-valid-or-not-run,,,,,,
132,WM-ACT-046,Clinical Observation / Diagnosis,queued,queued,blocked-on-providers,not-valid-or-not-run,,,,,,
133,WM-ACT-047,Medical Procedure,queued,queued,blocked-on-providers,not-valid-or-not-run,,,,,,
134,WM-ACT-048,Medication Order / Administration,queued,queued,blocked-on-providers,not-valid-or-not-run,,,,,,
135,WM-ACT-049,Care Plan / Episode,queued,queued,blocked-on-providers,not-valid-or-not-run,,,,,,
136,WM-ACT-051,Regulatory Compliance Process,queued,queued,blocked-on-providers,not-valid-or-not-run,,,,,,
137,WM-ACT-052,Tax Filing / Assessment Process,queued,queued,blocked-on-providers,not-valid-or-not-run,,,,,,
138,WM-ACT-053,Data Processing Job / Pipeline Run,queued,queued,blocked-on-providers,not-valid-or-not-run,,,,,,
139,WM-ACT-054,Research Subject / Participant,queued,queued,blocked-on-providers,not-valid-or-not-run,,,,,,
140,WM-AI-006,Model Training / Fine-tuning Run,queued,queued,blocked-on-providers,not-valid-or-not-run,,,,,,
141,WM-AI-007,AI Model Registry Entry,queued,queued,blocked-on-providers,not-valid-or-not-run,,,,,,
142,WM-AI-009,Evaluation Dataset / Benchmark,queued,queued,blocked-on-providers,not-valid-or-not-run,,,,,,
143,WM-AI-010,AI Incident Report,queued,queued,blocked-on-providers,not-valid-or-not-run,,,,,,
144,WM-DAT-005,Data Pipeline,queued,queued,blocked-on-providers,not-valid-or-not-run,,,,,,
145,WM-DAT-007,Data Quality Assessment,queued,queued,blocked-on-providers,not-valid-or-not-run,,,,,,
146,WM-DAT-008,Data Catalog Entry / Data Product,queued,queued,blocked-on-providers,not-valid-or-not-run,,,,,,
147,WM-DAT-009,Survey / Questionnaire,queued,queued,blocked-on-providers,not-valid-or-not-run,,,,,,
148,WM-DAT-010,Time Series / Observation Collection,queued,queued,blocked-on-providers,not-valid-or-not-run,,,,,,
149,WM-ECO-017,Financial Position / Balance,queued,queued,blocked-on-providers,not-valid-or-not-run,,,,,,
150,WM-ECO-018,Financial Statement,queued,queued,blocked-on-providers,not-valid-or-not-run,,,,,,
151,WM-ECO-021,Offer / Quote,queued,queued,blocked-on-providers,not-valid-or-not-run,,,,,,
152,WM-ECO-022,Subscription,queued,queued,blocked-on-providers,not-valid-or-not-run,,,,,,
153,WM-ECO-023,Reservation / Booking,queued,queued,blocked-on-providers,not-valid-or-not-run,,,,,,
154,WM-ECO-024,Fulfilment / Delivery,queued,queued,blocked-on-providers,not-valid-or-not-run,,,,,,
155,WM-ECO-025,Return / Refund,queued,queued,blocked-on-providers,not-valid-or-not-run,,,,,,
156,WM-ECO-026,Sales Lead / Opportunity,queued,queued,blocked-on-providers,not-valid-or-not-run,,,,,,
157,WM-ECO-027,Marketing Campaign,queued,queued,blocked-on-providers,not-valid-or-not-run,,,,,,
158,WM-ECO-028,Advertisement / Promotion,queued,queued,blocked-on-providers,not-valid-or-not-run,,,,,,
159,WM-ECO-030,Grant / Donation,queued,queued,blocked-on-providers,not-valid-or-not-run,,,,,,
160,WM-ECO-031,Payroll / Compensation,queued,queued,blocked-on-providers,not-valid-or-not-run,,,,,,
161,WM-ECO-032,Tax Return / Filing,queued,queued,blocked-on-providers,not-valid-or-not-run,,,,,,
162,WM-ECO-033,Regulatory Filing / Disclosure,queued,queued,blocked-on-providers,not-valid-or-not-run,,,,,,
163,WM-ECO-034,ESG / Sustainability Disclosure,queued,queued,blocked-on-providers,not-valid-or-not-run,,,,,,
164,WM-ECO-035,Audit / Assurance Engagement,queued,queued,blocked-on-providers,not-valid-or-not-run,,,,,,
165,WM-ECO-036,Insurance Claim,queued,queued,blocked-on-providers,not-valid-or-not-run,,,,,,
166,WM-ECO-037,Debt Instrument,queued,queued,blocked-on-providers,not-valid-or-not-run,,,,,,
167,WM-ECO-038,Equity / Security Holding,queued,queued,blocked-on-providers,not-valid-or-not-run,,,,,,
168,WM-FLW-009,Journey / Trip,queued,queued,blocked-on-providers,not-valid-or-not-run,,,,,,
169,WM-FLW-010,Route / Itinerary,queued,queued,blocked-on-providers,not-valid-or-not-run,,,,,,
170,WM-FLW-011,Shipment / Consignment,queued,queued,blocked-on-providers,not-valid-or-not-run,,,,,,
171,WM-FLW-012,Inventory Movement,queued,queued,blocked-on-providers,not-valid-or-not-run,,,,,,
172,WM-FLW-013,Supply-chain Trace / Chain of Custody,queued,queued,blocked-on-providers,not-valid-or-not-run,,,,,,
173,WM-FLW-015,Resource Consumption,queued,queued,blocked-on-providers,not-valid-or-not-run,,,,,,
174,WM-KNW-009,Hypothesis,queued,queued,blocked-on-providers,not-valid-or-not-run,,,,,,
175,WM-KNW-013,Constraint / Requirement Rule,queued,queued,blocked-on-providers,not-valid-or-not-run,,,,,,
176,WM-KNW-016,Assumption,queued,queued,blocked-on-providers,not-valid-or-not-run,,,,,,
177,WM-KNW-018,Taxonomy / Classification Scheme,queued,queued,blocked-on-providers,not-valid-or-not-run,,,,,,
178,WM-LIV-012,Genomic Sequence / Variant,queued,queued,blocked-on-providers,not-valid-or-not-run,,,,,,
179,WM-LIV-021,Disease / Biological Condition,queued,queued,blocked-on-providers,not-valid-or-not-run,,,,,,
180,WM-LIV-023,Clinical / Biological Specimen,queued,queued,blocked-on-providers,not-valid-or-not-run,,,,,,
181,WM-MED-002,Media Asset / Rendition,queued,queued,blocked-on-providers,not-valid-or-not-run,,,,,,
182,WM-MED-003,Publication / Edition,queued,queued,blocked-on-providers,not-valid-or-not-run,,,,,,
183,WM-MED-008,Content Provenance Credential,queued,queued,blocked-on-providers,not-valid-or-not-run,,,,,,
184,WM-OBJ-017,Product Configuration / Variant,queued,queued,blocked-on-providers,not-valid-or-not-run,,,,,,
185,WM-OBJ-018,Engineering Design / Product Definition,queued,queued,blocked-on-providers,not-valid-or-not-run,,,,,,
186,WM-OBJ-019,Component Type / Engineering BOM,queued,queued,blocked-on-providers,not-valid-or-not-run,,,,,,
187,WM-OBJ-020,Inventory Stock Position,queued,queued,blocked-on-providers,not-valid-or-not-run,,,,,,
188,WM-ORG-011,Business Establishment / Branch,queued,queued,blocked-on-providers,not-valid-or-not-run,,,,,,
189,WM-ORG-012,Inter-organizational Relationship,queued,queued,blocked-on-providers,not-valid-or-not-run,,,,,,
190,WM-ORG-013,Stakeholder / Interest,queued,queued,blocked-on-providers,not-valid-or-not-run,,,,,,
191,WM-ORG-014,Customer / Account Relationship,queued,queued,blocked-on-providers,not-valid-or-not-run,,,,,,
192,WM-ORG-015,Supplier / Partner Relationship,queued,queued,blocked-on-providers,not-valid-or-not-run,,,,,,
193,WM-ORG-018,Governance Body / Committee,queued,queued,blocked-on-providers,not-valid-or-not-run,,,,,,
194,WM-ORG-019,Organization Policy,queued,queued,blocked-on-providers,not-valid-or-not-run,,,,,,
195,WM-PER-011,Interpersonal Relationship,queued,queued,blocked-on-providers,not-valid-or-not-run,,,,,,
196,WM-PER-013,Professional License / Credential,queued,queued,blocked-on-providers,not-valid-or-not-run,,,,,,
197,WM-POL-016,Public Authority / Institution,queued,queued,blocked-on-providers,not-valid-or-not-run,,,,,,
198,WM-POL-017,Administrative Procedure / Case,queued,queued,blocked-on-providers,not-valid-or-not-run,,,,,,
199,WM-POL-018,Public Service / Government Service,queued,queued,blocked-on-providers,not-valid-or-not-run,,,,,,
200,WM-POL-019,Legal Filing / Pleading,queued,queued,blocked-on-providers,not-valid-or-not-run,,,,,,
201,WM-POL-020,Evidence Item / Exhibit,queued,queued,blocked-on-providers,not-valid-or-not-run,,,,,,
202,WM-POL-021,Judgment / Legal Decision,queued,queued,blocked-on-providers,not-valid-or-not-run,,,,,,
203,WM-POL-026,Customs Declaration / Clearance,queued,queued,blocked-on-providers,not-valid-or-not-run,,,,,,
204,WM-POL-027,Property Right / Tenure,queued,queued,blocked-on-providers,not-valid-or-not-run,,,,,,
205,WM-POL-029,Migration / Residency Status,queued,queued,blocked-on-providers,not-valid-or-not-run,,,,,,
206,WM-REC-008,Certificate / Credential Record,queued,queued,blocked-on-providers,not-valid-or-not-run,,,,,,
207,WM-REC-011,Evidence / Supporting Record,queued,queued,blocked-on-providers,not-valid-or-not-run,,,,,,
208,WM-REC-012,Minutes / Transcript,queued,queued,blocked-on-providers,not-valid-or-not-run,,,,,,
209,WM-REC-013,Operational Log / Trace,queued,queued,blocked-on-providers,not-valid-or-not-run,,,,,,
210,WM-REC-014,Configuration Record,queued,queued,blocked-on-providers,not-valid-or-not-run,,,,,,
211,WM-SFT-010,Runtime / Compute Environment,queued,queued,blocked-on-providers,not-valid-or-not-run,,,,,,
212,WM-SFT-011,Software Configuration,queued,queued,blocked-on-providers,not-valid-or-not-run,,,,,,
213,WM-SFT-013,Software Change / Pull Request,queued,queued,blocked-on-providers,not-valid-or-not-run,,,,,,
214,WM-SFT-016,Service Level / SLO,queued,queued,blocked-on-providers,not-valid-or-not-run,,,,,,
215,WM-SFT-017,Telemetry / Operational Signal,queued,queued,blocked-on-providers,not-valid-or-not-run,,,,,,
216,WM-SFT-018,Network / Endpoint,queued,queued,blocked-on-providers,not-valid-or-not-run,,,,,,
217,WM-XCT-030,Notification / Subscription,queued,queued,blocked-on-providers,not-valid-or-not-run,,,,,,
218,WM-XCT-035,Retention / Disposition,queued,queued,blocked-on-providers,not-valid-or-not-run,,,,,,
219,WM-XCT-038,Policy Evaluation,queued,queued,blocked-on-providers,not-valid-or-not-run,,,,,,
220,WM-XCT-004,Access Audit,queued,queued,blocked-on-providers,not-valid-or-not-run,,,,,,
221,WM-XCT-005,Privacy Aggregation Floor,queued,queued,blocked-on-providers,not-valid-or-not-run,,,,,,
222,WM-XCT-007,Access Breach / Enforcement,queued,queued,blocked-on-providers,not-valid-or-not-run,,,,,,
223,WM-XCT-014,Ledger / Account,queued,queued,blocked-on-providers,not-valid-or-not-run,,,,,,
224,WM-XCT-015,Event Register,queued,queued,blocked-on-providers,not-valid-or-not-run,,,,,,
225,WM-XCT-018,Registry Federation,queued,queued,blocked-on-providers,not-valid-or-not-run,,,,,,
226,WM-XCT-019,Cyber Integrity,queued,queued,blocked-on-providers,not-valid-or-not-run,,,,,,
227,WM-ACT-001,Function / Capability,queued,queued,blocked-on-providers,not-valid-or-not-run,,,,,,
228,WM-ACT-002,Act,queued,queued,blocked-on-providers,not-valid-or-not-run,,,,,,
229,WM-ACT-003,Process / Workflow,queued,queued,blocked-on-providers,not-valid-or-not-run,,,,,,
230,WM-ACT-004,Service,queued,queued,blocked-on-providers,not-valid-or-not-run,,,,,,
231,WM-ACT-009,Method / Procedure,queued,queued,blocked-on-providers,not-valid-or-not-run,,,,,,
232,WM-ACT-010,Production Run,queued,queued,blocked-on-providers,not-valid-or-not-run,,,,,,
233,WM-ACT-011,Agriculture Operation,queued,queued,blocked-on-providers,not-valid-or-not-run,,,,,,
234,WM-ACT-012,Extraction Operation,queued,queued,blocked-on-providers,not-valid-or-not-run,,,,,,
235,WM-ACT-013,Maintenance,queued,queued,blocked-on-providers,not-valid-or-not-run,,,,,,
236,WM-ACT-016,Observed Phenomenon,queued,queued,blocked-on-providers,not-valid-or-not-run,,,,,,
237,WM-ACT-017,Situation,queued,queued,blocked-on-providers,not-valid-or-not-run,,,,,,
238,WM-ACT-018,Encounter,queued,queued,blocked-on-providers,not-valid-or-not-run,,,,,,
239,WM-ACT-019,Incident / Emergency,queued,queued,blocked-on-providers,not-valid-or-not-run,,,,,,
240,WM-ACT-022,Experiment / Trial,queued,queued,blocked-on-providers,not-valid-or-not-run,,,,,,
241,WM-COM-001,Communications Service,queued,queued,blocked-on-providers,not-valid-or-not-run,,,,,,
242,WM-DAT-003,Map Product,queued,queued,blocked-on-providers,not-valid-or-not-run,,,,,,
243,WM-ECO-003,Insurance,queued,queued,blocked-on-providers,not-valid-or-not-run,,,,,,
244,WM-ECO-005,Credit / Security,queued,queued,blocked-on-providers,not-valid-or-not-run,,,,,,
245,WM-ECO-007,Procurement,queued,queued,blocked-on-providers,not-valid-or-not-run,,,,,,
246,WM-ECO-010,Clearing / Settlement,queued,queued,blocked-on-providers,not-valid-or-not-run,,,,,,
247,WM-ECO-011,Economic Asset view,queued,queued,blocked-on-providers,not-valid-or-not-run,,,,,,
248,WM-ECO-013,Crypto / Token,queued,queued,blocked-on-providers,not-valid-or-not-run,,,,,,
249,WM-ECO-014,Sustainability Claim / PCF,queued,queued,blocked-on-providers,not-valid-or-not-run,,,,,,
250,WM-KNW-001,Model / Ontology,queued,queued,blocked-on-providers,not-valid-or-not-run,,,,,,
251,WM-KNW-002,Language / Terminology,queued,queued,blocked-on-providers,not-valid-or-not-run,,,,,,
252,WM-KNW-003,Intellectual Property Right,queued,queued,blocked-on-providers,not-valid-or-not-run,,,,,,
253,WM-KNW-004,Knowledge Article,queued,queued,blocked-on-providers,not-valid-or-not-run,,,,,,
254,WM-MED-001,Creative Work,queued,queued,blocked-on-providers,not-valid-or-not-run,,,,,,
255,WM-ORG-007,Mandate / Charter,queued,queued,blocked-on-providers,not-valid-or-not-run,,,,,,
256,WM-ORG-008,Vacancy / Matching,queued,queued,blocked-on-providers,not-valid-or-not-run,,,,,,
257,WM-ORG-009,Public Office,queued,queued,blocked-on-providers,not-valid-or-not-run,,,,,,
258,WM-PER-002,Digital Identity / Account,queued,queued,blocked-on-providers,not-valid-or-not-run,,,,,,
259,WM-PER-004,Household / Family,queued,queued,blocked-on-providers,not-valid-or-not-run,,,,,,
260,WM-PER-005,Population Group,queued,queued,blocked-on-providers,not-valid-or-not-run,,,,,,
261,WM-PER-006,Life Event / Civil Status,queued,queued,blocked-on-providers,not-valid-or-not-run,,,,,,
262,WM-PER-009,Skill / Competency,queued,queued,blocked-on-providers,not-valid-or-not-run,,,,,,
263,WM-POL-002,Lawmaking Process,queued,queued,blocked-on-providers,not-valid-or-not-run,,,,,,
264,WM-POL-003,Election,queued,queued,blocked-on-providers,not-valid-or-not-run,,,,,,
265,WM-POL-005,Treaty,queued,queued,blocked-on-providers,not-valid-or-not-run,,,,,,
266,WM-POL-006,Border / Customs / Migration,queued,queued,blocked-on-providers,not-valid-or-not-run,,,,,,
267,WM-POL-007,Defense Force,queued,queued,blocked-on-providers,not-valid-or-not-run,,,,,,
268,WM-POL-008,Offense / Investigation,queued,queued,blocked-on-providers,not-valid-or-not-run,,,,,,
269,WM-POL-010,Dispute Forum,queued,queued,blocked-on-providers,not-valid-or-not-run,,,,,,
270,WM-POL-012,Public Benefit / Program,queued,queued,blocked-on-providers,not-valid-or-not-run,,,,,,
271,WM-POL-013,Registry Mandate,queued,queued,blocked-on-providers,not-valid-or-not-run,,,,,,
272,WM-POL-014,Rights / Entitlements,queued,queued,blocked-on-providers,not-valid-or-not-run,,,,,,
273,WM-REC-002,Report / Statement,queued,queued,blocked-on-providers,not-valid-or-not-run,,,,,,
274,WM-REC-004,Scholarly Publication,queued,queued,blocked-on-providers,not-valid-or-not-run,,,,,,
275,WM-REC-005,Standard / Spec Artifact,queued,queued,blocked-on-providers,not-valid-or-not-run,,,,,,
276,WM-REC-006,Requirement,queued,queued,blocked-on-providers,not-valid-or-not-run,,,,,,
277,WM-SFT-002,Deployed System,queued,queued,blocked-on-providers,not-valid-or-not-run,,,,,,
278,WM-SFT-003,API / Interface,queued,queued,blocked-on-providers,not-valid-or-not-run,,,,,,
279,WM-SFT-005,Source Repository,queued,queued,blocked-on-providers,not-valid-or-not-run,,,,,,
280,WM-VRT-002,Virtual / Game World,queued,queued,blocked-on-providers,not-valid-or-not-run,,,,,,
281,WM-VRT-004,Web Resource,queued,queued,blocked-on-providers,not-valid-or-not-run,,,,,,
282,WM-VRT-005,Online Account,queued,queued,blocked-on-providers,not-valid-or-not-run,,,,,,
283,WM-VRT-006,Channel / Community,queued,queued,blocked-on-providers,not-valid-or-not-run,,,,,,
284,WM-ACT-037,Survey Administration,queued,queued,blocked-on-providers,not-valid-or-not-run,,,,,,
285,WM-ACT-041,Public Consultation,queued,queued,blocked-on-providers,not-valid-or-not-run,,,,,,
286,WM-ACT-050,Environmental Impact Assessment,queued,queued,blocked-on-providers,not-valid-or-not-run,,,,,,
287,WM-BLT-002,Premises / Spatial Unit,queued,queued,blocked-on-providers,not-valid-or-not-run,,,,,,
288,WM-BLT-003,Infrastructure Network,queued,queued,blocked-on-providers,not-valid-or-not-run,,,,,,
289,WM-BLT-004,Utility Service Point,queued,queued,blocked-on-providers,not-valid-or-not-run,,,,,,
290,WM-BLT-005,Civil Works,queued,queued,blocked-on-providers,not-valid-or-not-run,,,,,,
291,WM-BLT-007,Construction Work,queued,queued,blocked-on-providers,not-valid-or-not-run,,,,,,
292,WM-BLT-009,Linear Infrastructure Asset,queued,queued,blocked-on-providers,not-valid-or-not-run,,,,,,
293,WM-BLT-010,Utility Network Topology,queued,queued,blocked-on-providers,not-valid-or-not-run,,,,,,
294,WM-DAT-011,Knowledge Graph,queued,queued,blocked-on-providers,not-valid-or-not-run,,,,,,
295,WM-DAT-012,Synthetic Data Product,queued,queued,blocked-on-providers,not-valid-or-not-run,,,,,,
296,WM-EAR-011,Land Cover / Land Use,queued,queued,blocked-on-providers,not-valid-or-not-run,,,,,,
297,WM-EAR-012,Environmental Monitoring Station,queued,queued,blocked-on-providers,not-valid-or-not-run,,,,,,
298,WM-ECO-029,Loyalty / Reward,queued,queued,blocked-on-providers,not-valid-or-not-run,,,,,,
299,WM-FLW-001,Energy,queued,queued,blocked-on-providers,not-valid-or-not-run,,,,,,
300,WM-FLW-002,Water Supply,queued,queued,blocked-on-providers,not-valid-or-not-run,,,,,,
301,WM-FLW-003,Food Supply Chain,queued,queued,blocked-on-providers,not-valid-or-not-run,,,,,,
302,WM-FLW-005,Waste / Circular,queued,queued,blocked-on-providers,not-valid-or-not-run,,,,,,
303,WM-FLW-006,Emission,queued,queued,blocked-on-providers,not-valid-or-not-run,,,,,,
304,WM-FLW-007,Passenger Mobility,queued,queued,blocked-on-providers,not-valid-or-not-run,,,,,,
305,WM-FLW-008,Mass-balance / Material Flow,queued,queued,blocked-on-providers,not-valid-or-not-run,,,,,,
306,WM-FLW-014,Network Flow / Telemetry Stream,queued,queued,blocked-on-providers,not-valid-or-not-run,,,,,,
307,WM-KNW-019,Mathematical / Computational Model,queued,queued,blocked-on-providers,not-valid-or-not-run,,,,,,
308,WM-LIV-011,Genome / Genomic Assembly,queued,queued,blocked-on-providers,not-valid-or-not-run,,,,,,
309,WM-LIV-013,Gene / Genomic Feature,queued,queued,blocked-on-providers,not-valid-or-not-run,,,,,,
310,WM-LIV-014,Protein / Biomolecule,queued,queued,blocked-on-providers,not-valid-or-not-run,,,,,,
311,WM-LIV-015,Phenotype / Trait,queued,queued,blocked-on-providers,not-valid-or-not-run,,,,,,
312,WM-LIV-017,Pedigree / Biological Lineage,queued,queued,blocked-on-providers,not-valid-or-not-run,,,,,,
313,WM-LIV-018,Crop Variety / Cultivar,queued,queued,blocked-on-providers,not-valid-or-not-run,,,,,,
314,WM-LIV-019,Livestock Breed,queued,queued,blocked-on-providers,not-valid-or-not-run,,,,,,
315,WM-LIV-024,Biobank / Sample Repository,queued,queued,blocked-on-providers,not-valid-or-not-run,,,,,,
316,WM-MAT-001,Chemical Substance,queued,queued,blocked-on-providers,not-valid-or-not-run,,,,,,
317,WM-MAT-002,Engineered Material,queued,queued,blocked-on-providers,not-valid-or-not-run,,,,,,
318,WM-MAT-003,Mixture / Formulation,queued,queued,blocked-on-providers,not-valid-or-not-run,,,,,,
319,WM-MAT-004,Material Batch / Lot,queued,queued,blocked-on-providers,not-valid-or-not-run,,,,,,
320,WM-MAT-005,Lab Sample / Specimen,queued,queued,blocked-on-providers,not-valid-or-not-run,,,,,,
321,WM-MAT-006,Hazardous-material profile,queued,queued,blocked-on-providers,not-valid-or-not-run,,,,,,
322,WM-MAT-007,Laboratory Test / Analysis,queued,queued,blocked-on-providers,not-valid-or-not-run,,,,,,
323,WM-MED-004,Audio / Video Recording,queued,queued,blocked-on-providers,not-valid-or-not-run,,,,,,
324,WM-MED-005,Image / Graphic,queued,queued,blocked-on-providers,not-valid-or-not-run,,,,,,
325,WM-MED-006,3D Asset / Scene,queued,queued,blocked-on-providers,not-valid-or-not-run,,,,,,
326,WM-MED-007,Broadcast / Stream,queued,queued,blocked-on-providers,not-valid-or-not-run,,,,,,
327,WM-OBJ-003,Tradable Offer / Commodity view,queued,queued,blocked-on-providers,not-valid-or-not-run,,,,,,
328,WM-OBJ-004,Food Product,queued,queued,blocked-on-providers,not-valid-or-not-run,,,,,,
329,WM-OBJ-005,Medicinal Product,queued,queued,blocked-on-providers,not-valid-or-not-run,,,,,,
330,WM-OBJ-006,Equipment / Machinery,queued,queued,blocked-on-providers,not-valid-or-not-run,,,,,,
331,WM-OBJ-008,Device / Sensor / Compute HW,queued,queued,blocked-on-providers,not-valid-or-not-run,,,,,,
332,WM-OBJ-009,Packaging / Returnable Asset,queued,queued,blocked-on-providers,not-valid-or-not-run,,,,,,
333,WM-OBJ-010,Textile / Apparel / PPE,queued,queued,blocked-on-providers,not-valid-or-not-run,,,,,,
334,WM-OBJ-011,Spare Part,queued,queued,blocked-on-providers,not-valid-or-not-run,,,,,,
335,WM-OBJ-012,Assembly Instance / As-built BOM,queued,queued,blocked-on-providers,not-valid-or-not-run,,,,,,
336,WM-OBJ-013,Controlled Item,queued,queued,blocked-on-providers,not-valid-or-not-run,,,,,,
337,WM-OBJ-014,Furniture / Fixture,queued,queued,blocked-on-providers,not-valid-or-not-run,,,,,,
338,WM-OBJ-015,Consumable / Supply,queued,queued,blocked-on-providers,not-valid-or-not-run,,,,,,
339,WM-OBJ-016,Cultural Artifact,queued,queued,blocked-on-providers,not-valid-or-not-run,,,,,,
340,WM-OBJ-021,Handling Unit / Logistics Container,queued,queued,blocked-on-providers,not-valid-or-not-run,,,,,,
341,WM-OBJ-022,Asset Lifecycle Record,queued,queued,blocked-on-providers,not-valid-or-not-run,,,,,,
342,WM-OBJ-023,Meter / Measuring Instrument,queued,queued,blocked-on-providers,not-valid-or-not-run,,,,,,
343,WM-ORG-017,Performance Objective / Review,queued,queued,blocked-on-providers,not-valid-or-not-run,,,,,,
344,WM-PER-014,Preference / Personal Profile,queued,queued,blocked-on-providers,not-valid-or-not-run,,,,,,
345,WM-PER-015,Reputation / Trust Assessment,queued,queued,blocked-on-providers,not-valid-or-not-run,,,,,,
346,WM-PLC-001,Terrain / Landform,queued,queued,blocked-on-providers,not-valid-or-not-run,,,,,,
347,WM-PLC-003,Water Body,queued,queued,blocked-on-providers,not-valid-or-not-run,,,,,,
348,WM-PLC-005,Settlement / Urban Form,queued,queued,blocked-on-providers,not-valid-or-not-run,,,,,,
349,WM-PLC-006,Point of Interest,queued,queued,blocked-on-providers,not-valid-or-not-run,,,,,,
350,WM-PLC-007,Maritime Zone,queued,queued,blocked-on-providers,not-valid-or-not-run,,,,,,
351,WM-PLC-008,Airspace,queued,queued,blocked-on-providers,not-valid-or-not-run,,,,,,
352,WM-PLC-009,Indoor Space,queued,queued,blocked-on-providers,not-valid-or-not-run,,,,,,
353,WM-POL-022,Sanction / Sentence,queued,queued,blocked-on-providers,not-valid-or-not-run,,,,,,
354,WM-POL-023,Enforcement Action,queued,queued,blocked-on-providers,not-valid-or-not-run,,,,,,
355,WM-POL-024,Detention / Custody,queued,queued,blocked-on-providers,not-valid-or-not-run,,,,,,
356,WM-POL-025,Immigration / Visa Case,queued,queued,blocked-on-providers,not-valid-or-not-run,,,,,,
357,WM-POL-028,Border Crossing Event,queued,queued,blocked-on-providers,not-valid-or-not-run,,,,,,
358,WM-REC-015,Archival Fonds / Collection,queued,queued,blocked-on-providers,not-valid-or-not-run,,,,,,
359,WM-VRT-007,3D Scene / Environment,queued,queued,blocked-on-providers,not-valid-or-not-run,,,,,,
360,WM-VRT-008,Virtual Persona / Avatar,queued,queued,blocked-on-providers,not-valid-or-not-run,,,,,,
361,WM-VRT-009,Virtual Economy,queued,queued,blocked-on-providers,not-valid-or-not-run,,,,,,
362,WM-VRT-010,Distributed Ledger Network,queued,queued,blocked-on-providers,not-valid-or-not-run,,,,,,
363,WM-VRT-011,Smart Contract,queued,queued,blocked-on-providers,not-valid-or-not-run,,,,,,
364,WM-VRT-013,Digital Thread,queued,queued,blocked-on-providers,not-valid-or-not-run,,,,,,
365,WM-VRT-001,Digital Twin,queued,queued,blocked-on-providers,not-valid-or-not-run,,,,,,
366,WM-VRT-003,Simulation,queued,queued,blocked-on-providers,not-valid-or-not-run,,,,,,
367,WM-CIV-001,Sport,queued,queued,blocked-on-providers,not-valid-or-not-run,,,,,,
368,WM-CIV-002,Religion Institution,queued,queued,blocked-on-providers,not-valid-or-not-run,,,,,,
369,WM-CIV-003,Tourism,queued,queued,blocked-on-providers,not-valid-or-not-run,,,,,,
370,WM-CIV-004,Public Discourse,queued,queued,blocked-on-providers,not-valid-or-not-run,,,,,,
371,WM-CIV-005,Social Norm,queued,queued,blocked-on-providers,not-valid-or-not-run,,,,,,
372,WM-CIV-006,Science System,queued,queued,blocked-on-providers,not-valid-or-not-run,,,,,,
373,WM-CIV-007,News Item,queued,queued,blocked-on-providers,not-valid-or-not-run,,,,,,
374,WM-EAR-001,Weather,queued,queued,blocked-on-providers,not-valid-or-not-run,,,,,,
375,WM-EAR-002,Climate,queued,queued,blocked-on-providers,not-valid-or-not-run,,,,,,
376,WM-EAR-003,Soil,queued,queued,blocked-on-providers,not-valid-or-not-run,,,,,,
377,WM-EAR-004,Geology / Mineral Resource,queued,queued,blocked-on-providers,not-valid-or-not-run,,,,,,
378,WM-EAR-005,Natural Hazard,queued,queued,blocked-on-providers,not-valid-or-not-run,,,,,,
379,WM-EAR-006,Cryosphere,queued,queued,blocked-on-providers,not-valid-or-not-run,,,,,,
380,WM-EAR-007,Air Quality,queued,queued,blocked-on-providers,not-valid-or-not-run,,,,,,
381,WM-EAR-008,Biodiversity Occurrence,queued,queued,blocked-on-providers,not-valid-or-not-run,,,,,,
382,WM-EAR-009,EO Product,queued,queued,blocked-on-providers,not-valid-or-not-run,,,,,,
383,WM-LIV-002,Organism Individual,queued,queued,blocked-on-providers,not-valid-or-not-run,,,,,,
384,WM-LIV-003,Population,queued,queued,blocked-on-providers,not-valid-or-not-run,,,,,,
385,WM-LIV-004,Vegetation Cover,queued,queued,blocked-on-providers,not-valid-or-not-run,,,,,,
386,WM-LIV-005,Wildlife,queued,queued,blocked-on-providers,not-valid-or-not-run,,,,,,
387,WM-LIV-006,Ecosystem / Biome,queued,queued,blocked-on-providers,not-valid-or-not-run,,,,,,
388,WM-LIV-007,Microorganism / Pathogen,queued,queued,blocked-on-providers,not-valid-or-not-run,,,,,,
389,WM-LIV-008,Genetic Resource,queued,queued,blocked-on-providers,not-valid-or-not-run,,,,,,
390,WM-LIV-009,Cultivated Organism,queued,queued,blocked-on-providers,not-valid-or-not-run,,,,,,
391,WM-LIV-010,Habitat,queued,queued,blocked-on-providers,not-valid-or-not-run,,,,,,
392,WM-SPC-001,Space Object / Orbit,queued,queued,blocked-on-providers,not-valid-or-not-run,,,,,,
393,WM-SPC-002,Celestial Body,queued,queued,blocked-on-providers,not-valid-or-not-run,,,,,,
394,WM-EAR-010,Ocean / Marine State,queued,queued,blocked-on-providers,not-valid-or-not-run,,,,,,
395,WM-LIV-016,Biological Pathway / Process,queued,queued,blocked-on-providers,not-valid-or-not-run,,,,,,
396,WM-LIV-020,Microbiome / Biological Community,queued,queued,blocked-on-providers,not-valid-or-not-run,,,,,,
397,WM-LIV-022,Conservation Status Assessment,queued,queued,blocked-on-providers,not-valid-or-not-run,,,,,,
398,WM-SPC-003,Astronomical Observation,queued,queued,blocked-on-providers,not-valid-or-not-run,,,,,,
399,WM-SPC-004,Satellite Mission / Programme,queued,queued,blocked-on-providers,not-valid-or-not-run,,,,,,
400,WM-VRT-012,Simulation Scenario,queued,queued,blocked-on-providers,not-valid-or-not-run,,,,,,
401,WM-OBJ-024,Robot / Autonomous Machine,queued,queued,blocked-on-providers,not-valid-or-not-run,,,,,,
