source_id,title,organization,url,version_or_date,used_by_claude,used_by_grok,used_by_codex,accepted_in_synthesis,live_status,version_status,claim_support_status,notes
SRC-001,Bills of materials and formulas,Microsoft,https://learn.microsoft.com/en-us/dynamics365/supply-chain/production-control/bill-of-material-bom,2025-07-10,false,false,true,true,http-200,document-version-recorded,partial,HTTP checked 2026-09-09; semantic inspection depth and holds in source-notes.md; no normative compliance claim
SRC-002,About BOM Quantity,Autodesk,https://help.autodesk.com/cloudhelp/2023/ENU/Inventor-Help/files/GUID-37BA8DB6-E39C-4C96-AAF1-E7B342F20D0E.htm,Inventor 2023,false,false,true,true,http-200,document-version-recorded,partial,HTTP checked 2026-09-09; semantic inspection depth and holds in source-notes.md; no normative compliance claim
SRC-003,BOMRow Object,Autodesk,https://help.autodesk.com/cloudhelp/2023/ENU/Inventor-API/files/BOMRow.htm,Inventor 2023 API,false,false,true,true,http-200,document-version-recorded,partial,HTTP checked 2026-09-09; semantic inspection depth and holds in source-notes.md; no normative compliance claim
SRC-004,Electronics Bill of materials,Autodesk,https://help.autodesk.com/cloudhelp/ENU/Fusion-ECAD/files/ECD-BOM-CPT.htm,Public page inspected 2026-09-07,false,false,true,true,http-200,document-version-recorded,partial,HTTP checked 2026-09-09; semantic inspection depth and holds in source-notes.md; no normative compliance claim
SRC-005,Recursiveness Check,SAP,https://help.sap.com/docs/SAP_ERP/43fa3cddb00348beb3ed12212a94448f/dd05c453f57eb44ce10000000a174cb4.html,ERP 6.0 EHP8,false,false,true,true,http-200,document-version-recorded,partial,HTTP checked 2026-09-09; semantic inspection depth and holds in source-notes.md; no normative compliance claim
SRC-006,Managed model-based 3D engineering,ISO,https://www.iso.org/standard/84300.html,ISO 10303-242:2025 edition 4 public scope only,false,false,true,true,http-403,public-scope-only,partial,HTTP checked 2026-09-09; semantic inspection depth and holds in source-notes.md; no normative compliance claim
SRC-007,Configuration Management,NASA,https://www.nasa.gov/reference/6-5-configuration-management/,Handbook chapter 6.5 inspected 2026-09-07,false,false,true,true,http-200,document-version-recorded,partial,HTTP checked 2026-09-09; semantic inspection depth and holds in source-notes.md; no normative compliance claim
SRC-008,PROV-DM,W3C,https://www.w3.org/TR/prov-dm/,Recommendation 2013-04-30,false,false,true,true,http-200,document-version-recorded,partial,HTTP checked 2026-09-09; semantic inspection depth and holds in source-notes.md; no normative compliance claim
SRC-009,Date and Time on the Internet: Timestamps,IETF,https://www.rfc-editor.org/rfc/rfc3339,"RFC 3339, July 2002",false,false,true,true,http-200,document-version-recorded,partial,HTTP checked 2026-09-09; semantic inspection depth and holds in source-notes.md; no normative compliance claim
